customer_id,name,email,plan,signup_date,email_missing,email_invalid
C0001,James Smith,james.1@example.com,Basic,2025-05-21,False,False
C0002,Noah Brown,noah.2@example.com,Premium,2025-02-22,False,False
C0003,Mia Johnson,mia.3@example.com,Pro,2025-10-30,False,False
C0004,Emma Smith,emma.4@example.com,Basic,2025-02-17,False,False
C0005,Noah Hall,noah.5@example.com,Basic,2025-11-05,False,False
C0006,Mia Wilson,mia.6@example.com,Premium,2025-11-29,False,False
C0007,Mia Lewis,mia.7@example.com,Pro,2025-04-23,False,False
C0008,Ethan Taylor,ethan.8@example.com,Basic,2025-01-04,False,False
C0009,Sophia Clark,sophia.9@example.com,Basic,2025-05-23,False,False
C0010,Noah Clark,noah.10@example.com,Basic,2025-02-22,False,False
C0011,Sophia Johnson,,Pro,2025-07-03,True,False
C0012,Ethan Taylor,,Premium,2025-01-23,True,False
C0013,Lucas Hall,,Pro,2025-03-05,True,False
C0014,James Hall,,Premium,2025-05-31,True,False
C0015,Ethan Clark,,Basic,2025-10-23,True,False
C0016,James Smith,,Basic,2025-12-05,True,False
C0017,Ava Johnson,,Basic,2025-04-30,True,False
C0018,Sophia Taylor,,Premium,2025-08-21,True,False
C0019,Liam Brown,liam.19@example.com,Pro,2025-07-09,False,False
C0020,Noah Taylor,noah.20@example.com,Premium,2025-12-26,False,False
C0021,James Young,james.21@example.com,Basic,2025-11-22,False,False
C0022,Mia Wilson,mia.22@example.com,Pro,2025-03-25,False,False
C0023,Sophia Taylor,sophia.23@example.com,Premium,2025-11-24,False,False
C0024,Mia Wilson,mia.24@example.com,Pro,2025-12-17,False,False
C0025,Emma Wilson,emma.25@example.com,Pro,2025-01-17,False,False
C0026,Sophia Taylor,sophia.26@example.com,Basic,2025-02-03,False,False
C0027,Ethan Clark,ethan.27@example.com,Premium,2025-04-19,False,False
C0028,Lucas Lewis,lucas.28@example.com,Pro,2025-11-26,False,False
C0029,Olivia Taylor,olivia.29@example.com,Basic,2025-03-13,False,False
C0030,Mia Hall,mia.30@example.com,Premium,2025-05-15,False,False
C0031,Ethan Lewis,invalid-email,Pro,2025-10-26,False,True
C0032,Liam Wilson,invalid-email,Premium,2025-03-12,False,True
C0033,Lucas Johnson,invalid-email,Basic,2025-01-25,False,True
C0034,Olivia Brown,invalid-email,Pro,2025-12-15,False,True
C0035,Ethan Johnson,invalid-email,Pro,2025-07-17,False,True
C0036,Ethan Walker,ethan.36@example.com,Pro,2025-09-28,False,False
C0037,Mia Smith,mia.37@example.com,Premium,2025-12-15,False,False
C0038,James Hall,james.38@example.com,Premium,2025-05-17,False,False
C0039,Liam Johnson,liam.39@example.com,Pro,2025-05-31,False,False
C0040,Olivia Walker,olivia.40@example.com,Premium,2025-01-02,False,False
C0041,Ava Hall,ava.41@example.com,Premium,2025-04-02,False,False
C0042,James Taylor,james.42@example.com,Premium,2025-11-24,False,False
C0043,Ethan Wilson,ethan.43@example.com,Pro,2025-03-20,False,False
C0044,Olivia Hall,olivia.44@example.com,Basic,2025-09-29,False,False
C0045,Ethan Clark,ethan.45@example.com,Basic,2025-09-08,False,False
C0046,James Clark,james.46@example.com,Basic,2025-06-07,False,False
C0047,Emma Wilson,emma.47@example.com,Basic,2025-10-18,False,False
C0048,James Walker,james.48@example.com,Premium,2025-02-05,False,False
C0049,Olivia Brown,olivia.49@example.com,Pro,2025-12-04,False,False
C0050,Mia Brown,mia.50@example.com,Premium,2025-05-16,False,False
C0051,Ethan Lewis,ethan.51@example.com,Premium,2025-04-19,False,False
C0052,Noah Taylor,noah.52@example.com,Premium,2025-07-24,False,False
C0053,Liam Walker,liam.53@example.com,Pro,2025-09-22,False,False
C0054,James Wilson,james.54@example.com,Basic,2025-04-26,False,False
C0055,Liam Smith,liam.55@example.com,Premium,2025-10-29,False,False
C0056,Noah Young,noah.56@example.com,Basic,2025-04-23,False,False
C0057,James Smith,james.57@example.com,Basic,2025-04-28,False,False
C0058,Emma Clark,emma.58@example.com,Premium,2025-02-06,False,False
C0059,Noah Taylor,noah.59@example.com,Pro,2025-12-09,False,False
C0060,Noah Hall,noah.60@example.com,Premium,2025-03-09,False,False
C0061,Ethan Young,ethan.61@example.com,Basic,2025-08-31,False,False
C0062,Lucas Lewis,lucas.62@example.com,Basic,2025-04-08,False,False
C0063,James Lewis,james.63@example.com,Pro,2025-07-01,False,False
C0064,Sophia Walker,sophia.64@example.com,Premium,2025-01-28,False,False
C0065,James Smith,james.65@example.com,Premium,2025-07-26,False,False
C0066,Liam Johnson,liam.66@example.com,Basic,2025-05-08,False,False
C0067,Noah Hall,noah.67@example.com,Basic,2025-08-18,False,False
C0068,Sophia Brown,sophia.68@example.com,Pro,2025-05-23,False,False
C0069,Noah Johnson,noah.69@example.com,Premium,2025-08-15,False,False
C0070,James Smith,james.70@example.com,Premium,2025-11-30,False,False
C0071,Emma Johnson,emma.71@example.com,Basic,2025-05-02,False,False
C0072,Sophia Walker,sophia.72@example.com,Basic,2025-09-04,False,False
C0073,Sophia Smith,sophia.73@example.com,Pro,2025-03-26,False,False
C0074,Emma Lewis,emma.74@example.com,Pro,2025-05-16,False,False
C0075,Ava Lewis,ava.75@example.com,Premium,2025-12-23,False,False
C0076,Mia Walker,mia.76@example.com,Basic,2025-03-21,False,False
C0077,Ava Wilson,ava.77@example.com,Premium,2025-01-30,False,False
C0078,Mia Smith,mia.78@example.com,Basic,2025-06-10,False,False
C0079,Emma Young,emma.79@example.com,Premium,2025-09-02,False,False
C0080,Mia Brown,mia.80@example.com,Premium,2025-01-30,False,False
C0081,James Brown,james.81@example.com,Premium,2025-02-05,False,False
C0082,James Wilson,james.82@example.com,Basic,2025-07-26,False,False
C0083,Ethan Wilson,ethan.83@example.com,Premium,2025-10-24,False,False
C0084,Emma Young,emma.84@example.com,Pro,2025-02-11,False,False
C0085,Ethan Young,ethan.85@example.com,Pro,2025-09-25,False,False
C0086,Ava Wilson,ava.86@example.com,Premium,2025-12-09,False,False
C0087,Liam Wilson,liam.87@example.com,Pro,2025-05-16,False,False
C0088,Olivia Taylor,olivia.88@example.com,Pro,2025-08-23,False,False
C0089,James Smith,james.89@example.com,Premium,2025-08-23,False,False
C0090,Ethan Johnson,ethan.90@example.com,Premium,2025-02-07,False,False
C0091,Noah Hall,noah.91@example.com,Basic,2025-05-16,False,False
C0092,Liam Johnson,liam.92@example.com,Pro,2025-05-06,False,False
C0093,Ava Brown,ava.93@example.com,Premium,2025-08-13,False,False
C0094,Ava Young,ava.94@example.com,Premium,2025-12-01,False,False
C0095,Emma Hall,emma.95@example.com,Premium,2025-06-03,False,False
C0096,James Brown,james.96@example.com,Basic,2025-05-16,False,False
C0097,James Hall,james.97@example.com,Pro,2025-03-21,False,False
C0098,Ava Young,ava.98@example.com,Premium,2025-04-18,False,False
C0099,Liam Wilson,liam.99@example.com,Premium,2025-12-18,False,False
C0100,Ava Hall,ava.100@example.com,Pro,2025-09-08,False,False
C0101,Emma Johnson,emma.101@example.com,Pro,2025-11-21,False,False
C0102,Ava Smith,ava.102@example.com,Pro,2025-01-02,False,False
C0103,Olivia Taylor,olivia.103@example.com,Premium,2025-03-24,False,False
C0104,Lucas Hall,lucas.104@example.com,Pro,2025-12-28,False,False
C0105,Mia Smith,mia.105@example.com,Basic,2025-02-27,False,False
C0106,Olivia Hall,olivia.106@example.com,Pro,2025-01-19,False,False
C0107,Ethan Hall,ethan.107@example.com,Pro,2025-03-17,False,False
C0108,Olivia Smith,olivia.108@example.com,Pro,2025-06-07,False,False
C0109,Emma Clark,emma.109@example.com,Premium,2025-04-18,False,False
C0110,Noah Johnson,noah.110@example.com,Premium,2025-07-01,False,False
C0111,Sophia Young,sophia.111@example.com,Basic,2025-03-21,False,False
C0112,Olivia Brown,olivia.112@example.com,Basic,2025-07-31,False,False
C0113,Olivia Clark,olivia.113@example.com,Premium,2025-07-30,False,False
C0114,Noah Taylor,noah.114@example.com,Premium,2025-03-23,False,False
C0115,James Lewis,james.115@example.com,Pro,2025-01-20,False,False
C0116,Noah Wilson,noah.116@example.com,Pro,2025-08-24,False,False
C0117,Ava Wilson,ava.117@example.com,Basic,2025-04-25,False,False
C0118,Noah Lewis,noah.118@example.com,Pro,2025-06-18,False,False
C0119,James Taylor,james.119@example.com,Premium,2025-06-29,False,False
C0120,Mia Lewis,mia.120@example.com,Premium,2025-12-14,False,False
C0121,Liam Smith,liam.121@example.com,Pro,2025-03-01,False,False
C0122,Olivia Young,olivia.122@example.com,Basic,2025-05-16,False,False
C0123,James Young,james.123@example.com,Pro,2025-08-11,False,False
C0124,Liam Lewis,liam.124@example.com,Premium,2025-11-07,False,False
C0125,James Lewis,james.125@example.com,Basic,2025-10-23,False,False
C0126,Ava Smith,ava.126@example.com,Pro,2025-12-29,False,False
C0127,Emma Hall,emma.127@example.com,Premium,2025-10-03,False,False
C0128,Noah Clark,noah.128@example.com,Basic,2025-08-09,False,False
C0129,Liam Young,liam.129@example.com,Premium,2025-06-10,False,False
C0130,James Taylor,james.130@example.com,Pro,2025-09-17,False,False
C0131,Sophia Clark,sophia.131@example.com,Premium,2025-07-26,False,False
C0132,Ava Hall,ava.132@example.com,Basic,2025-03-07,False,False
C0133,Sophia Lewis,sophia.133@example.com,Premium,2025-12-13,False,False
C0134,Olivia Young,olivia.134@example.com,Pro,2025-10-19,False,False
C0135,Sophia Hall,sophia.135@example.com,Pro,2025-01-01,False,False
C0136,Ava Wilson,ava.136@example.com,Premium,2025-08-09,False,False
C0137,Ethan Clark,ethan.137@example.com,Pro,2025-08-27,False,False
C0138,Lucas Wilson,lucas.138@example.com,Pro,2025-09-19,False,False
C0139,Olivia Johnson,olivia.139@example.com,Premium,2025-05-26,False,False
C0140,Ethan Clark,ethan.140@example.com,Basic,2025-02-17,False,False
C0141,Ava Wilson,ava.141@example.com,Basic,2025-04-12,False,False
C0142,Emma Smith,emma.142@example.com,Pro,2025-05-06,False,False
C0143,Ethan Johnson,ethan.143@example.com,Pro,2025-08-22,False,False
C0144,Ethan Wilson,ethan.144@example.com,Pro,2025-12-23,False,False
C0145,Lucas Lewis,lucas.145@example.com,Basic,2025-05-05,False,False
C0146,Emma Johnson,emma.146@example.com,Basic,2025-08-06,False,False
C0147,Olivia Hall,olivia.147@example.com,Basic,2025-08-26,False,False
C0148,Mia Wilson,mia.148@example.com,Pro,2025-03-04,False,False
C0149,Olivia Walker,olivia.149@example.com,Premium,2025-12-08,False,False
C0150,Mia Young,mia.150@example.com,Pro,2025-06-12,False,False
C0151,Ethan Hall,ethan.151@example.com,Premium,2025-08-07,False,False
C0152,Lucas Brown,lucas.152@example.com,Pro,2025-09-01,False,False
C0153,Ava Wilson,ava.153@example.com,Pro,2025-11-23,False,False
C0154,Mia Walker,mia.154@example.com,Basic,2025-11-17,False,False
C0155,Ava Walker,ava.155@example.com,Premium,2025-02-09,False,False
C0156,Ava Wilson,ava.156@example.com,Pro,2025-05-20,False,False
C0157,Liam Hall,liam.157@example.com,Basic,2025-02-11,False,False
C0158,Olivia Wilson,olivia.158@example.com,Premium,2025-07-16,False,False
C0159,Olivia Wilson,olivia.159@example.com,Pro,2025-02-02,False,False
C0160,Sophia Clark,sophia.160@example.com,Pro,2025-10-05,False,False
C0161,Sophia Smith,sophia.161@example.com,Pro,2025-04-16,False,False
C0162,Sophia Young,sophia.162@example.com,Basic,2025-12-23,False,False
C0163,Ethan Lewis,ethan.163@example.com,Basic,2025-09-02,False,False
C0164,Liam Taylor,liam.164@example.com,Pro,2025-07-19,False,False
C0165,Mia Hall,mia.165@example.com,Basic,2025-11-05,False,False
C0166,Lucas Wilson,lucas.166@example.com,Pro,2025-05-20,False,False
C0167,Lucas Smith,lucas.167@example.com,Pro,2025-07-19,False,False
C0168,Sophia Brown,sophia.168@example.com,Basic,2025-08-28,False,False
C0169,Ethan Hall,ethan.169@example.com,Pro,2025-01-14,False,False
C0170,Ethan Young,ethan.170@example.com,Basic,2025-12-06,False,False
C0171,James Lewis,james.171@example.com,Pro,2025-03-11,False,False
C0172,Olivia Smith,olivia.172@example.com,Pro,2025-05-14,False,False
C0173,Liam Wilson,liam.173@example.com,Pro,2025-08-21,False,False
C0174,Liam Lewis,liam.174@example.com,Pro,2025-05-23,False,False
C0175,Ava Johnson,ava.175@example.com,Basic,2025-08-29,False,False
C0176,Mia Smith,mia.176@example.com,Basic,2025-06-29,False,False
C0177,James Smith,james.177@example.com,Basic,2025-01-16,False,False
C0178,Noah Smith,noah.178@example.com,Basic,2025-11-15,False,False
C0179,Noah Brown,noah.179@example.com,Premium,2025-08-31,False,False
C0180,James Young,james.180@example.com,Pro,2025-04-22,False,False
C0181,Ava Clark,ava.181@example.com,Premium,2025-03-27,False,False
C0182,Ethan Johnson,ethan.182@example.com,Pro,2025-03-25,False,False
C0183,James Young,james.183@example.com,Pro,2025-01-14,False,False
C0184,Ethan Lewis,ethan.184@example.com,Premium,2025-07-23,False,False
C0185,Noah Johnson,noah.185@example.com,Premium,2025-10-31,False,False
C0186,Noah Johnson,noah.186@example.com,Pro,2025-12-23,False,False
C0187,Ethan Johnson,ethan.187@example.com,Basic,2025-10-17,False,False
C0188,Liam Hall,liam.188@example.com,Premium,2025-08-08,False,False
C0189,Liam Johnson,liam.189@example.com,Premium,2025-09-17,False,False
C0190,Liam Smith,liam.190@example.com,Pro,2025-08-04,False,False
C0191,James Lewis,james.191@example.com,Premium,2025-07-05,False,False
C0192,Lucas Brown,lucas.192@example.com,Basic,2025-08-11,False,False
C0193,Mia Taylor,mia.193@example.com,Premium,2025-11-12,False,False
C0194,Lucas Walker,lucas.194@example.com,Premium,2025-08-12,False,False
C0195,Ethan Taylor,ethan.195@example.com,Basic,2025-06-15,False,False
C0196,James Taylor,james.196@example.com,Basic,2025-08-19,False,False
C0197,Lucas Young,lucas.197@example.com,Premium,2025-11-09,False,False
C0198,Sophia Clark,sophia.198@example.com,Pro,2025-01-15,False,False
C0199,Liam Brown,liam.199@example.com,Basic,2025-09-07,False,False
C0200,Liam Taylor,liam.200@example.com,Pro,2025-06-24,False,False
C0202,Mia Wilson,mia.202@example.com,Basic,2025-02-13,False,False
C0203,Sophia Walker,sophia.203@example.com,Basic,2025-10-12,False,False
C0204,Lucas Walker,lucas.204@example.com,Basic,2025-08-18,False,False
C0205,James Taylor,james.205@example.com,Pro,2025-04-24,False,False
C0206,Noah Taylor,noah.206@example.com,Premium,2025-12-06,False,False
C0207,Liam Walker,liam.207@example.com,Premium,2025-10-11,False,False
C0208,Liam Lewis,liam.208@example.com,Pro,2025-10-09,False,False
C0209,Liam Walker,liam.209@example.com,Pro,2025-05-19,False,False
C0210,Ava Wilson,ava.210@example.com,Premium,2025-03-03,False,False
C0211,Noah Clark,noah.211@example.com,Premium,2025-03-03,False,False
C0212,Mia Brown,mia.212@example.com,Basic,2025-04-09,False,False
C0213,Lucas Taylor,lucas.213@example.com,Premium,2025-10-29,False,False
C0214,Ethan Taylor,ethan.214@example.com,Basic,2025-02-21,False,False
C0215,Ava Wilson,ava.215@example.com,Basic,2025-07-04,False,False
C0216,Ava Smith,ava.216@example.com,Premium,2025-12-29,False,False
C0217,Olivia Taylor,olivia.217@example.com,Basic,2025-01-24,False,False
C0218,Mia Taylor,mia.218@example.com,Basic,2025-12-24,False,False
C0219,Lucas Johnson,lucas.219@example.com,Premium,2025-01-07,False,False
C0220,Ava Walker,ava.220@example.com,Pro,2025-09-03,False,False
C0221,Liam Brown,liam.221@example.com,Pro,2025-01-27,False,False
C0222,Lucas Johnson,lucas.222@example.com,Pro,2025-02-03,False,False
C0223,Lucas Johnson,lucas.223@example.com,Premium,2025-10-23,False,False
C0224,Emma Brown,emma.224@example.com,Premium,2025-03-18,False,False
C0225,Ava Johnson,ava.225@example.com,Basic,2025-05-08,False,False
C0226,Mia Lewis,mia.226@example.com,Premium,2025-11-07,False,False
C0227,Ethan Wilson,ethan.227@example.com,Pro,2025-09-25,False,False
C0228,Lucas Walker,lucas.228@example.com,Premium,2025-06-02,False,False
C0229,Sophia Taylor,sophia.229@example.com,Premium,2025-10-19,False,False
C0230,Emma Young,emma.230@example.com,Basic,2025-02-20,False,False
C0231,Noah Taylor,noah.231@example.com,Basic,2025-12-05,False,False
C0232,Olivia Wilson,olivia.232@example.com,Premium,2025-03-30,False,False
C0233,James Brown,james.233@example.com,Pro,2025-01-02,False,False
C0234,Lucas Young,lucas.234@example.com,Pro,2025-08-29,False,False
C0235,Emma Wilson,emma.235@example.com,Premium,2025-05-28,False,False
C0236,Ava Walker,ava.236@example.com,Premium,2025-02-06,False,False
C0237,Noah Taylor,noah.237@example.com,Premium,2025-11-17,False,False
C0238,Noah Lewis,noah.238@example.com,Premium,2025-02-28,False,False
C0239,Noah Brown,noah.239@example.com,Basic,2025-05-17,False,False
C0240,James Smith,james.240@example.com,Pro,2025-03-26,False,False
C0241,Ethan Young,ethan.241@example.com,Pro,2025-05-28,False,False
C0242,James Walker,james.242@example.com,Pro,2025-12-19,False,False
C0243,Sophia Taylor,sophia.243@example.com,Premium,2025-09-14,False,False
C0244,Lucas Walker,lucas.244@example.com,Premium,2025-02-11,False,False
C0245,Emma Lewis,emma.245@example.com,Premium,2025-06-15,False,False
C0246,Ava Smith,ava.246@example.com,Basic,2025-02-16,False,False
C0247,Ethan Young,ethan.247@example.com,Premium,2025-01-11,False,False
C0248,Ava Young,ava.248@example.com,Basic,2025-01-21,False,False
C0249,Lucas Hall,lucas.249@example.com,Pro,2025-11-30,False,False
C0250,Ava Brown,ava.250@example.com,Pro,2025-10-27,False,False
C0252,Sophia Clark,sophia.252@example.com,Premium,2025-06-14,False,False
C0253,James Brown,james.253@example.com,Pro,2025-06-18,False,False
C0254,Lucas Taylor,lucas.254@example.com,Pro,2025-12-06,False,False
C0255,Mia Smith,mia.255@example.com,Basic,2025-08-21,False,False
C0256,Liam Taylor,liam.256@example.com,Basic,2025-06-15,False,False
C0257,Sophia Hall,sophia.257@example.com,Premium,2025-01-01,False,False
C0258,Mia Walker,mia.258@example.com,Basic,2025-07-31,False,False
C0259,Noah Hall,noah.259@example.com,Premium,2025-07-05,False,False
C0260,Lucas Walker,lucas.260@example.com,Basic,2025-01-27,False,False
C0261,Ava Hall,ava.261@example.com,Pro,2025-03-09,False,False
C0262,Lucas Walker,lucas.262@example.com,Basic,2025-03-04,False,False
C0263,Ethan Wilson,ethan.263@example.com,Basic,2025-12-30,False,False
C0264,Ava Hall,ava.264@example.com,Premium,2025-01-08,False,False
C0265,Sophia Johnson,sophia.265@example.com,Basic,2025-04-26,False,False
C0266,Lucas Johnson,lucas.266@example.com,Basic,2025-11-28,False,False
C0267,Lucas Taylor,lucas.267@example.com,Premium,2025-09-18,False,False
C0268,Ava Lewis,ava.268@example.com,Pro,2025-09-05,False,False
C0269,Noah Walker,noah.269@example.com,Basic,2025-10-10,False,False
C0270,Sophia Wilson,sophia.270@example.com,Premium,2025-11-03,False,False
C0271,Olivia Johnson,olivia.271@example.com,Pro,2025-05-22,False,False
C0272,Liam Hall,liam.272@example.com,Basic,2025-05-17,False,False
C0273,Ava Taylor,ava.273@example.com,Premium,2025-10-28,False,False
C0274,Lucas Brown,lucas.274@example.com,Premium,2025-08-17,False,False
C0275,Lucas Clark,lucas.275@example.com,Premium,2025-06-20,False,False
C0276,Mia Lewis,mia.276@example.com,Pro,2025-08-22,False,False
C0277,Noah Wilson,noah.277@example.com,Pro,2025-10-20,False,False
C0278,Noah Lewis,noah.278@example.com,Pro,2025-01-23,False,False
C0279,Lucas Lewis,lucas.279@example.com,Premium,2025-07-17,False,False
C0280,Olivia Walker,olivia.280@example.com,Basic,2025-01-19,False,False
C0281,Mia Young,mia.281@example.com,Basic,2025-06-19,False,False
C0282,Lucas Johnson,lucas.282@example.com,Pro,2025-09-27,False,False
C0283,Emma Brown,emma.283@example.com,Premium,2025-07-29,False,False
C0284,Olivia Johnson,olivia.284@example.com,Pro,2025-08-29,False,False
C0285,Liam Young,liam.285@example.com,Pro,2025-12-21,False,False
C0286,James Clark,james.286@example.com,Premium,2025-12-12,False,False
C0287,Sophia Clark,sophia.287@example.com,Premium,2025-11-17,False,False
C0288,Lucas Hall,lucas.288@example.com,Premium,2025-01-19,False,False
C0289,James Wilson,james.289@example.com,Premium,2025-11-20,False,False
C0290,Ava Wilson,ava.290@example.com,Pro,2025-02-16,False,False
C0291,James Johnson,james.291@example.com,Basic,2025-08-16,False,False
C0292,Ava Smith,ava.292@example.com,Pro,2025-01-24,False,False
C0293,Emma Taylor,emma.293@example.com,Pro,2025-07-03,False,False
C0294,Sophia Brown,sophia.294@example.com,Premium,2025-05-06,False,False
C0295,Sophia Young,sophia.295@example.com,Basic,2025-12-16,False,False
C0296,Olivia Brown,olivia.296@example.com,Premium,2025-02-10,False,False
C0297,Sophia Young,sophia.297@example.com,Basic,2025-12-16,False,False
C0298,Lucas Young,lucas.298@example.com,Basic,2025-03-15,False,False
C0299,Lucas Taylor,lucas.299@example.com,Pro,2025-08-24,False,False
C0300,Emma Walker,emma.300@example.com,Premium,2025-05-28,False,False
C0301,Mia Brown,mia.301@example.com,Pro,2025-02-07,False,False
C0302,Liam Young,liam.302@example.com,Premium,2025-06-03,False,False
C0303,Sophia Taylor,sophia.303@example.com,Pro,2025-08-22,False,False
C0304,Noah Lewis,noah.304@example.com,Basic,2025-09-05,False,False
C0305,Noah Lewis,noah.305@example.com,Pro,2025-10-20,False,False
C0306,Ethan Taylor,ethan.306@example.com,Pro,2025-12-25,False,False
C0307,Emma Lewis,emma.307@example.com,Basic,2025-05-21,False,False
C0308,Ethan Smith,ethan.308@example.com,Premium,2025-11-07,False,False
C0309,Lucas Taylor,lucas.309@example.com,Premium,2025-04-28,False,False
C0310,Liam Wilson,liam.310@example.com,Basic,2025-11-22,False,False
C0311,Ethan Taylor,ethan.311@example.com,Premium,2025-12-14,False,False
C0312,Olivia Johnson,olivia.312@example.com,Premium,2025-11-18,False,False
C0313,Emma Taylor,emma.313@example.com,Basic,2025-08-14,False,False
C0314,Ethan Clark,ethan.314@example.com,Basic,2025-03-09,False,False
C0315,Ava Clark,ava.315@example.com,Basic,2025-08-01,False,False
C0316,Noah Brown,noah.316@example.com,Pro,2025-10-04,False,False
C0317,Mia Hall,mia.317@example.com,Basic,2025-05-20,False,False
C0318,Ava Walker,ava.318@example.com,Premium,2025-06-01,False,False
C0319,Liam Johnson,liam.319@example.com,Basic,2025-08-28,False,False
C0320,Olivia Wilson,olivia.320@example.com,Premium,2025-12-13,False,False
C0321,Sophia Hall,sophia.321@example.com,Basic,2025-07-07,False,False
C0322,Sophia Smith,sophia.322@example.com,Premium,2025-05-16,False,False
C0323,James Walker,james.323@example.com,Premium,2025-07-08,False,False
C0324,Ava Young,ava.324@example.com,Premium,2025-07-15,False,False
C0325,Liam Johnson,liam.325@example.com,Basic,2025-12-12,False,False
C0326,Lucas Smith,lucas.326@example.com,Premium,2025-11-14,False,False
C0327,Liam Young,liam.327@example.com,Premium,2025-04-24,False,False
C0328,James Walker,james.328@example.com,Pro,2025-12-25,False,False
C0329,Sophia Johnson,sophia.329@example.com,Basic,2025-03-13,False,False
C0330,Emma Taylor,emma.330@example.com,Basic,2025-09-10,False,False
C0331,James Wilson,james.331@example.com,Basic,2025-10-03,False,False
C0332,Sophia Walker,sophia.332@example.com,Premium,2025-07-09,False,False
C0333,Mia Lewis,mia.333@example.com,Premium,2025-10-28,False,False
C0334,Olivia Lewis,olivia.334@example.com,Basic,2025-12-02,False,False
C0335,Lucas Young,lucas.335@example.com,Pro,2025-07-28,False,False
C0336,Emma Clark,emma.336@example.com,Pro,2025-04-22,False,False
C0337,Lucas Wilson,lucas.337@example.com,Basic,2025-07-05,False,False
C0338,Liam Hall,liam.338@example.com,Pro,2025-11-27,False,False
C0339,Emma Lewis,emma.339@example.com,Basic,2025-05-22,False,False
C0340,James Walker,james.340@example.com,Premium,2025-02-16,False,False
C0341,Noah Young,noah.341@example.com,Basic,2025-01-11,False,False
C0342,Liam Wilson,liam.342@example.com,Premium,2025-03-06,False,False
C0343,Noah Johnson,noah.343@example.com,Basic,2025-10-11,False,False
C0344,Ethan Wilson,ethan.344@example.com,Pro,2025-04-30,False,False
C0345,Olivia Young,olivia.345@example.com,Pro,2025-01-02,False,False
C0346,Olivia Brown,olivia.346@example.com,Pro,2025-10-04,False,False
C0347,Olivia Johnson,olivia.347@example.com,Basic,2025-12-05,False,False
C0348,Olivia Smith,olivia.348@example.com,Basic,2025-07-03,False,False
C0349,Ethan Clark,ethan.349@example.com,Basic,2025-01-09,False,False
C0350,Ava Smith,ava.350@example.com,Premium,2025-03-06,False,False
C0351,Sophia Hall,sophia.351@example.com,Premium,2025-02-28,False,False
C0352,James Walker,james.352@example.com,Pro,2025-08-18,False,False
C0353,Mia Young,mia.353@example.com,Pro,2025-02-25,False,False
C0354,Mia Wilson,mia.354@example.com,Basic,2025-11-11,False,False
C0355,Mia Taylor,mia.355@example.com,Premium,2025-08-23,False,False
C0356,Emma Smith,emma.356@example.com,Pro,2025-09-03,False,False
C0357,Sophia Johnson,sophia.357@example.com,Premium,2025-09-09,False,False
C0358,Lucas Johnson,lucas.358@example.com,Pro,2025-02-11,False,False
C0359,Ethan Brown,ethan.359@example.com,Basic,2025-02-03,False,False
C0360,Ava Young,ava.360@example.com,Premium,2025-11-21,False,False
C0361,Mia Clark,mia.361@example.com,Premium,2025-07-15,False,False
C0362,Mia Taylor,mia.362@example.com,Premium,2025-08-21,False,False
C0363,Ethan Lewis,ethan.363@example.com,Premium,2025-02-20,False,False
C0364,James Hall,james.364@example.com,Pro,2025-04-21,False,False
C0365,Lucas Wilson,lucas.365@example.com,Pro,2025-07-31,False,False
C0366,Lucas Lewis,lucas.366@example.com,Premium,2025-08-01,False,False
C0367,James Clark,james.367@example.com,Pro,2025-08-07,False,False
C0368,Ava Clark,ava.368@example.com,Premium,2025-03-20,False,False
C0369,Lucas Johnson,lucas.369@example.com,Basic,2025-02-16,False,False
C0370,James Lewis,james.370@example.com,Premium,2025-02-19,False,False
C0371,Liam Brown,liam.371@example.com,Basic,2025-10-12,False,False
C0372,Ethan Hall,ethan.372@example.com,Pro,2025-10-15,False,False
C0373,James Lewis,james.373@example.com,Premium,2025-07-01,False,False
C0374,Sophia Smith,sophia.374@example.com,Premium,2025-05-28,False,False
C0375,Ava Clark,ava.375@example.com,Premium,2025-02-23,False,False
C0376,Mia Wilson,mia.376@example.com,Premium,2025-03-21,False,False
C0377,Lucas Wilson,lucas.377@example.com,Pro,2025-02-25,False,False
C0378,Mia Clark,mia.378@example.com,Pro,2025-02-28,False,False
C0379,Ethan Wilson,ethan.379@example.com,Premium,2025-08-08,False,False
C0380,Ethan Young,ethan.380@example.com,Premium,2025-12-12,False,False
C0381,Mia Smith,mia.381@example.com,Premium,2025-11-08,False,False
C0382,Ava Smith,ava.382@example.com,Pro,2025-04-03,False,False
C0383,Ava Clark,ava.383@example.com,Basic,2025-06-29,False,False
C0384,Olivia Brown,olivia.384@example.com,Premium,2025-10-17,False,False
C0385,Sophia Johnson,sophia.385@example.com,Premium,2025-03-14,False,False
C0386,Emma Johnson,emma.386@example.com,Basic,2025-09-29,False,False
C0387,Sophia Lewis,sophia.387@example.com,Pro,2025-08-21,False,False
C0388,Olivia Clark,olivia.388@example.com,Premium,2025-06-09,False,False
C0389,Liam Young,liam.389@example.com,Basic,2025-11-02,False,False
C0390,Emma Brown,emma.390@example.com,Premium,2025-03-22,False,False
C0391,Emma Johnson,emma.391@example.com,Pro,2025-05-20,False,False
C0392,Sophia Walker,sophia.392@example.com,Pro,2025-11-07,False,False
C0393,Sophia Taylor,sophia.393@example.com,Premium,2025-04-21,False,False
C0394,James Clark,james.394@example.com,Basic,2025-08-09,False,False
C0395,Ava Young,ava.395@example.com,Premium,2025-09-07,False,False
C0396,Ava Smith,ava.396@example.com,Pro,2025-04-23,False,False
C0397,Ethan Smith,ethan.397@example.com,Basic,2025-01-04,False,False
C0398,Ava Wilson,ava.398@example.com,Pro,2025-03-12,False,False
C0399,Ava Clark,ava.399@example.com,Basic,2025-03-03,False,False
C0400,Lucas Lewis,lucas.400@example.com,Basic,2025-03-31,False,False
C0401,Sophia Hall,sophia.401@example.com,Basic,2025-12-27,False,False
C0402,Mia Hall,mia.402@example.com,Pro,2025-12-09,False,False
C0403,James Lewis,james.403@example.com,Pro,2025-01-22,False,False
C0404,Emma Walker,emma.404@example.com,Pro,2025-02-09,False,False
C0405,Ethan Lewis,ethan.405@example.com,Pro,2025-10-21,False,False
C0406,Sophia Taylor,sophia.406@example.com,Pro,2025-02-28,False,False
C0407,Emma Clark,emma.407@example.com,Premium,2025-03-29,False,False
C0408,Lucas Clark,lucas.408@example.com,Pro,2025-02-15,False,False
C0409,James Wilson,james.409@example.com,Premium,2025-08-12,False,False
C0410,Sophia Hall,sophia.410@example.com,Pro,2025-02-10,False,False
C0411,Ava Clark,ava.411@example.com,Pro,2025-04-24,False,False
C0412,Olivia Johnson,olivia.412@example.com,Premium,2025-09-19,False,False
C0413,James Hall,james.413@example.com,Basic,2025-09-19,False,False
C0414,Liam Clark,liam.414@example.com,Basic,2025-11-27,False,False
C0415,Noah Johnson,noah.415@example.com,Pro,2025-03-16,False,False
C0416,Noah Brown,noah.416@example.com,Basic,2025-11-05,False,False
C0417,James Brown,james.417@example.com,Pro,2025-11-18,False,False
C0418,Lucas Young,lucas.418@example.com,Pro,2025-10-24,False,False
C0419,Ethan Young,ethan.419@example.com,Premium,2025-06-15,False,False
C0420,Liam Brown,liam.420@example.com,Basic,2025-08-14,False,False
C0421,Lucas Walker,lucas.421@example.com,Pro,2025-11-20,False,False
C0422,Ava Young,ava.422@example.com,Pro,2025-01-29,False,False
C0423,Mia Johnson,mia.423@example.com,Pro,2025-06-08,False,False
C0424,Lucas Smith,lucas.424@example.com,Pro,2025-01-30,False,False
C0425,Ava Johnson,ava.425@example.com,Basic,2025-11-27,False,False
C0426,Ethan Young,ethan.426@example.com,Pro,2025-09-17,False,False
C0427,Lucas Young,lucas.427@example.com,Premium,2025-10-11,False,False
C0428,Emma Walker,emma.428@example.com,Premium,2025-10-20,False,False
C0429,Noah Clark,noah.429@example.com,Pro,2025-11-06,False,False
C0430,Mia Brown,mia.430@example.com,Pro,2025-02-01,False,False
C0431,James Clark,james.431@example.com,Premium,2025-02-13,False,False
C0432,Olivia Smith,olivia.432@example.com,Premium,2025-05-07,False,False
C0433,Lucas Walker,lucas.433@example.com,Premium,2025-09-26,False,False
C0434,Ethan Brown,ethan.434@example.com,Pro,2025-07-06,False,False
C0435,Ava Lewis,ava.435@example.com,Pro,2025-07-29,False,False
C0436,Ethan Smith,ethan.436@example.com,Premium,2025-11-20,False,False
C0437,Liam Johnson,liam.437@example.com,Basic,2025-06-18,False,False
C0438,Mia Lewis,mia.438@example.com,Pro,2025-05-26,False,False
C0439,Ethan Brown,ethan.439@example.com,Basic,2025-06-20,False,False
C0440,Ethan Brown,ethan.440@example.com,Pro,2025-06-29,False,False
C0441,Sophia Brown,sophia.441@example.com,Premium,2025-11-01,False,False
C0442,James Taylor,james.442@example.com,Pro,2025-10-14,False,False
C0443,Liam Brown,liam.443@example.com,Premium,2025-12-10,False,False
C0444,Mia Johnson,mia.444@example.com,Premium,2025-11-27,False,False
C0445,Sophia Hall,sophia.445@example.com,Basic,2025-07-05,False,False
C0446,Liam Taylor,liam.446@example.com,Basic,2025-04-03,False,False
C0447,Liam Walker,liam.447@example.com,Basic,2025-04-09,False,False
C0448,Olivia Brown,olivia.448@example.com,Pro,2025-02-09,False,False
C0449,James Hall,james.449@example.com,Premium,2025-10-04,False,False
C0450,Mia Smith,mia.450@example.com,Pro,2025-12-05,False,False
C0451,Ethan Brown,ethan.451@example.com,Pro,2025-11-02,False,False
C0452,Olivia Brown,olivia.452@example.com,Premium,2025-04-03,False,False
C0453,Ethan Brown,ethan.453@example.com,Basic,2025-08-13,False,False
C0454,Sophia Clark,sophia.454@example.com,Premium,2025-12-13,False,False
C0455,Noah Walker,noah.455@example.com,Pro,2025-11-09,False,False
C0456,Lucas Wilson,lucas.456@example.com,Basic,2025-10-01,False,False
C0457,Ava Walker,ava.457@example.com,Pro,2025-04-10,False,False
C0458,Ethan Walker,ethan.458@example.com,Pro,2025-08-25,False,False
C0459,Sophia Hall,sophia.459@example.com,Pro,2025-09-28,False,False
C0460,Olivia Wilson,olivia.460@example.com,Basic,2025-11-06,False,False
C0461,Ava Smith,ava.461@example.com,Pro,2025-11-25,False,False
C0462,Liam Hall,liam.462@example.com,Premium,2025-02-22,False,False
C0463,Mia Johnson,mia.463@example.com,Basic,2025-05-26,False,False
C0464,Olivia Taylor,olivia.464@example.com,Premium,2025-08-19,False,False
C0465,Olivia Lewis,olivia.465@example.com,Basic,2025-02-16,False,False
C0466,Lucas Clark,lucas.466@example.com,Pro,2025-01-14,False,False
C0467,Emma Lewis,emma.467@example.com,Pro,2025-09-15,False,False
C0468,Noah Lewis,noah.468@example.com,Pro,2025-02-11,False,False
C0469,Noah Smith,noah.469@example.com,Basic,2025-06-13,False,False
C0470,Liam Brown,liam.470@example.com,Basic,2025-03-12,False,False
C0471,Ava Walker,ava.471@example.com,Basic,2025-12-23,False,False
C0472,Lucas Walker,lucas.472@example.com,Basic,2025-11-12,False,False
C0473,James Smith,james.473@example.com,Basic,2025-05-12,False,False
C0474,Olivia Hall,olivia.474@example.com,Premium,2025-11-08,False,False
C0475,Sophia Johnson,sophia.475@example.com,Basic,2025-05-28,False,False
C0476,Ava Johnson,ava.476@example.com,Basic,2025-01-25,False,False
C0477,Sophia Young,sophia.477@example.com,Basic,2025-08-23,False,False
C0478,James Walker,james.478@example.com,Premium,2025-11-02,False,False
C0479,Emma Hall,emma.479@example.com,Basic,2025-10-22,False,False
C0480,Olivia Taylor,olivia.480@example.com,Basic,2025-08-08,False,False
C0481,Ethan Clark,ethan.481@example.com,Premium,2025-05-04,False,False
C0482,Sophia Brown,sophia.482@example.com,Premium,2025-12-07,False,False
C0483,James Hall,james.483@example.com,Basic,2025-07-04,False,False
C0484,Mia Hall,mia.484@example.com,Premium,2025-09-17,False,False
C0485,Mia Smith,mia.485@example.com,Pro,2025-07-19,False,False
C0486,Emma Lewis,emma.486@example.com,Pro,2025-07-11,False,False
C0487,Emma Clark,emma.487@example.com,Pro,2025-02-04,False,False
C0488,Noah Johnson,noah.488@example.com,Premium,2025-10-25,False,False
C0489,Liam Brown,liam.489@example.com,Pro,2025-01-23,False,False
C0490,Mia Clark,mia.490@example.com,Basic,2025-11-26,False,False
C0491,Lucas Walker,lucas.491@example.com,Basic,2025-11-20,False,False
C0492,Olivia Johnson,olivia.492@example.com,Basic,2025-08-23,False,False
C0493,Ava Wilson,ava.493@example.com,Basic,2025-01-23,False,False
C0494,Emma Clark,emma.494@example.com,Premium,2025-06-08,False,False
C0495,Sophia Hall,sophia.495@example.com,Pro,2025-08-31,False,False
C0496,Emma Wilson,emma.496@example.com,Pro,2025-05-27,False,False
C0497,Emma Clark,emma.497@example.com,Basic,2025-05-20,False,False
C0498,Liam Lewis,liam.498@example.com,Premium,2025-07-24,False,False
C0499,Lucas Lewis,lucas.499@example.com,Basic,2025-06-23,False,False
C0500,Lucas Walker,lucas.500@example.com,Premium,2025-07-08,False,False
