ticket_id,comment,detected_email,detected_phone,actual_email,actual_phone,review_notes
T00065,I would like to close my account. Please call me on +1 202-555-0133.,False,True,,,
T00097,I get an error when exporting my report.,False,False,,,
T00110,How can I upgrade to the Pro plan?,False,False,,,
T00109,How can I upgrade to the Pro plan? Please call me on (202) 555-0143.,False,True,,,
T00219,I cannot log in after resetting my password. Please reply to customer.218@example.com.,True,False,,,
T00949,The discount was not applied to my payment. Please call me on +1 202-555-0130.,False,True,,,
T00079,I get an error when exporting my report.,False,False,,,
T00814,I was charged twice for my subscription. Please reply to customer.813@example.com.,True,False,,,
T00571,I was charged twice for my subscription.,False,False,,,
T00503,Please cancel my subscription before renewal.,False,False,,,
T00703,I would like to close my account.,False,False,,,
T00600,The app closes when I try to upload a file. Please reply to customer.599@example.com.,True,False,,,
T00974,The discount was not applied to my payment. Please call me on +1 202-555-0142.,False,True,,,
T00056,Please check invoice 1234567890. I was charged twice.,False,True,,,
T00256,I get an error when exporting my report. Please reply to customer.255@example.com.,True,False,,,
T00230,Please cancel my subscription before renewal.,False,False,,,
T00848,What features are included in the Premium plan? Please call me on (202) 555-0146.,False,True,,,
T00347,How can I update my account details?,False,False,,,
T00733,I get an error when exporting my report.,False,False,,,
T00592,Please cancel my subscription before renewal. Please reply to customer.591@example.com.,True,False,,,
