ticket_id,created_at,age_days,retention_status,retention_reason
T00011,2025-04-16 13:04:00,348,KEEP,Within configured retention period
T00012,2025-07-25 15:21:00,248,KEEP,Within configured retention period
T00013,2025-07-14 19:35:00,259,KEEP,Within configured retention period
T00014,2025-07-06 10:43:00,267,KEEP,Within configured retention period
T00015,2025-09-05 00:53:00,206,KEEP,Within configured retention period
T00016,2025-07-21 13:12:00,252,KEEP,Within configured retention period
T00017,2025-10-03 15:13:00,178,KEEP,Within configured retention period
T00018,2025-06-05 16:45:00,298,KEEP,Within configured retention period
T00019,2025-07-10 15:25:00,263,KEEP,Within configured retention period
T00020,2025-12-06 23:16:00,114,KEEP,Within configured retention period
T00021,2025-06-04 02:12:00,299,KEEP,Within configured retention period
T00022,2025-03-02 05:22:00,393,ELIGIBLE_FOR_DELETION,Older than configured retention period; requires approval before deletion
T00023,2025-06-06 17:21:00,297,KEEP,Within configured retention period
T00024,2025-07-18 08:04:00,255,KEEP,Within configured retention period
T00025,2025-08-09 19:32:00,233,KEEP,Within configured retention period
T00026,2025-06-12 02:56:00,291,KEEP,Within configured retention period
T00027,2025-04-04 17:56:00,360,KEEP,Within configured retention period
T00028,2025-10-21 02:31:00,160,KEEP,Within configured retention period
T00029,2025-10-14 02:31:00,167,KEEP,Within configured retention period
T00030,2025-06-02 18:49:00,301,KEEP,Within configured retention period
T00031,2025-02-23 14:46:00,400,ELIGIBLE_FOR_DELETION,Older than configured retention period; requires approval before deletion
T00032,2025-09-30 17:41:00,181,KEEP,Within configured retention period
T00033,2025-06-09 11:00:00,294,KEEP,Within configured retention period
T00034,2025-10-29 09:41:00,152,KEEP,Within configured retention period
T00035,2025-08-30 18:48:00,212,KEEP,Within configured retention period
T00036,2025-10-12 18:12:00,169,KEEP,Within configured retention period
T00037,2025-10-14 19:49:00,167,KEEP,Within configured retention period
T00038,2025-11-03 01:24:00,147,KEEP,Within configured retention period
T00039,2026-02-14 19:41:00,44,KEEP,Within configured retention period
T00040,2026-02-13 14:13:00,45,KEEP,Within configured retention period
T00045,2025-04-12 20:42:00,352,KEEP,Within configured retention period
T00046,2025-05-30 13:36:00,304,KEEP,Within configured retention period
T00047,2025-05-26 19:10:00,308,KEEP,Within configured retention period
T00048,2025-09-16 04:10:00,195,KEEP,Within configured retention period
T00049,2025-12-23 03:18:00,97,KEEP,Within configured retention period
T00050,2026-02-24 14:16:00,34,KEEP,Within configured retention period
T00051,2025-03-05 19:43:00,390,ELIGIBLE_FOR_DELETION,Older than configured retention period; requires approval before deletion
T00052,2025-05-06 17:00:00,328,KEEP,Within configured retention period
T00053,2025-05-04 16:58:00,330,KEEP,Within configured retention period
T00054,2025-12-21 15:36:00,99,KEEP,Within configured retention period
T00055,2025-03-27 01:43:00,368,ELIGIBLE_FOR_DELETION,Older than configured retention period; requires approval before deletion
T00056,2026-01-11 18:19:00,78,KEEP,Within configured retention period
T00057,2025-08-30 04:34:00,212,KEEP,Within configured retention period
T00058,2025-08-21 12:29:00,221,KEEP,Within configured retention period
T00059,2026-02-16 19:10:00,42,KEEP,Within configured retention period
T00060,2026-01-01 13:11:00,88,KEEP,Within configured retention period
T00061,2026-02-22 23:13:00,36,KEEP,Within configured retention period
T00062,2025-09-12 13:26:00,199,KEEP,Within configured retention period
T00063,2025-06-08 12:28:00,295,KEEP,Within configured retention period
T00064,2025-03-07 01:22:00,388,ELIGIBLE_FOR_DELETION,Older than configured retention period; requires approval before deletion
T00065,2026-02-06 16:10:00,52,KEEP,Within configured retention period
T00066,2025-11-14 17:35:00,136,KEEP,Within configured retention period
T00067,2025-09-17 13:24:00,194,KEEP,Within configured retention period
T00068,2025-10-22 11:28:00,159,KEEP,Within configured retention period
T00069,2026-02-25 19:12:00,33,KEEP,Within configured retention period
T00070,2025-03-30 11:18:00,365,KEEP,Within configured retention period
T00071,2025-07-11 10:30:00,262,KEEP,Within configured retention period
T00072,2025-06-24 16:11:00,279,KEEP,Within configured retention period
T00073,2025-06-02 19:55:00,301,KEEP,Within configured retention period
T00074,2025-09-10 23:14:00,201,KEEP,Within configured retention period
T00075,2025-05-24 00:38:00,310,KEEP,Within configured retention period
T00076,2025-05-05 14:05:00,329,KEEP,Within configured retention period
T00077,2025-05-02 20:52:00,332,KEEP,Within configured retention period
T00078,2025-07-08 04:42:00,265,KEEP,Within configured retention period
T00079,2025-06-09 16:19:00,294,KEEP,Within configured retention period
T00080,2025-12-04 15:41:00,116,KEEP,Within configured retention period
T00081,2025-09-23 23:14:00,188,KEEP,Within configured retention period
T00082,2025-12-06 16:31:00,114,KEEP,Within configured retention period
T00083,2025-12-25 19:02:00,95,KEEP,Within configured retention period
T00084,2025-09-29 07:04:00,182,KEEP,Within configured retention period
T00085,2025-08-24 16:22:00,218,KEEP,Within configured retention period
T00086,2025-12-23 04:09:00,97,KEEP,Within configured retention period
T00087,2026-01-24 11:46:00,65,KEEP,Within configured retention period
T00088,2026-01-13 02:41:00,76,KEEP,Within configured retention period
T00089,2026-01-30 08:45:00,59,KEEP,Within configured retention period
T00090,2025-03-13 18:23:00,382,ELIGIBLE_FOR_DELETION,Older than configured retention period; requires approval before deletion
T00091,2025-11-19 03:43:00,131,KEEP,Within configured retention period
T00092,2026-01-12 01:43:00,77,KEEP,Within configured retention period
T00093,2025-11-08 07:56:00,142,KEEP,Within configured retention period
T00094,2025-09-04 16:07:00,207,KEEP,Within configured retention period
T00095,2025-01-09 18:47:00,445,ELIGIBLE_FOR_DELETION,Older than configured retention period; requires approval before deletion
T00096,2025-07-19 22:12:00,254,KEEP,Within configured retention period
T00097,2025-07-20 09:44:00,253,KEEP,Within configured retention period
T00098,2026-01-17 19:35:00,72,KEEP,Within configured retention period
T00099,2025-09-08 14:15:00,203,KEEP,Within configured retention period
T00100,2025-12-11 16:54:00,109,KEEP,Within configured retention period
T00101,2025-08-12 00:18:00,230,KEEP,Within configured retention period
T00102,2025-09-27 09:42:00,184,KEEP,Within configured retention period
T00103,2025-03-30 17:12:00,365,KEEP,Within configured retention period
T00104,2025-03-03 11:17:00,392,ELIGIBLE_FOR_DELETION,Older than configured retention period; requires approval before deletion
T00105,2025-05-16 08:46:00,318,KEEP,Within configured retention period
T00106,2025-06-28 10:04:00,275,KEEP,Within configured retention period
T00107,2025-10-26 20:51:00,155,KEEP,Within configured retention period
T00108,2025-12-30 17:35:00,90,KEEP,Within configured retention period
T00109,2025-12-02 03:15:00,118,KEEP,Within configured retention period
T00110,2025-10-15 08:28:00,166,KEEP,Within configured retention period
T00111,2025-11-18 15:14:00,132,KEEP,Within configured retention period
T00112,2025-03-02 19:52:00,393,ELIGIBLE_FOR_DELETION,Older than configured retention period; requires approval before deletion
T00113,2025-06-08 22:18:00,295,KEEP,Within configured retention period
T00114,2025-08-30 22:47:00,212,KEEP,Within configured retention period
T00115,2025-06-06 13:50:00,297,KEEP,Within configured retention period
T00116,2025-10-27 04:00:00,154,KEEP,Within configured retention period
T00117,2025-04-28 20:58:00,336,KEEP,Within configured retention period
T00118,2025-09-29 05:13:00,182,KEEP,Within configured retention period
T00119,2025-08-21 23:57:00,221,KEEP,Within configured retention period
T00120,2025-04-20 22:40:00,344,KEEP,Within configured retention period
T00121,2025-08-15 20:20:00,227,KEEP,Within configured retention period
T00122,2026-01-09 12:20:00,80,KEEP,Within configured retention period
T00123,2025-03-19 18:41:00,376,ELIGIBLE_FOR_DELETION,Older than configured retention period; requires approval before deletion
T00124,2026-01-18 11:11:00,71,KEEP,Within configured retention period
T00125,2025-12-21 07:00:00,99,KEEP,Within configured retention period
T00126,2025-09-04 17:25:00,207,KEEP,Within configured retention period
T00127,2025-05-13 04:30:00,321,KEEP,Within configured retention period
T00128,2026-01-09 01:58:00,80,KEEP,Within configured retention period
T00129,2025-11-19 13:30:00,131,KEEP,Within configured retention period
T00130,2025-07-12 19:44:00,261,KEEP,Within configured retention period
T00131,2026-01-30 23:54:00,59,KEEP,Within configured retention period
T00132,2025-01-31 16:06:00,423,ELIGIBLE_FOR_DELETION,Older than configured retention period; requires approval before deletion
T00133,2025-09-18 04:37:00,193,KEEP,Within configured retention period
T00134,2025-07-14 13:03:00,259,KEEP,Within configured retention period
T00135,2025-05-21 02:44:00,313,KEEP,Within configured retention period
T00136,2025-08-30 11:52:00,212,KEEP,Within configured retention period
T00137,2025-07-12 04:20:00,261,KEEP,Within configured retention period
T00138,2025-01-22 10:11:00,432,ELIGIBLE_FOR_DELETION,Older than configured retention period; requires approval before deletion
T00139,2025-03-11 12:56:00,384,ELIGIBLE_FOR_DELETION,Older than configured retention period; requires approval before deletion
T00140,2025-11-16 05:17:00,134,KEEP,Within configured retention period
T00141,2025-03-25 22:32:00,370,ELIGIBLE_FOR_DELETION,Older than configured retention period; requires approval before deletion
T00142,2025-08-31 07:02:00,211,KEEP,Within configured retention period
T00143,2025-09-19 20:24:00,192,KEEP,Within configured retention period
T00144,2025-08-15 01:30:00,227,KEEP,Within configured retention period
T00145,2025-07-16 07:24:00,257,KEEP,Within configured retention period
T00146,2025-10-03 19:39:00,178,KEEP,Within configured retention period
T00147,2025-03-12 10:18:00,383,ELIGIBLE_FOR_DELETION,Older than configured retention period; requires approval before deletion
T00148,2025-07-13 10:15:00,260,KEEP,Within configured retention period
T00149,2025-05-31 23:10:00,303,KEEP,Within configured retention period
T00150,2025-12-27 11:45:00,93,KEEP,Within configured retention period
T00151,2025-07-06 10:52:00,267,KEEP,Within configured retention period
T00152,2025-03-12 10:14:00,383,ELIGIBLE_FOR_DELETION,Older than configured retention period; requires approval before deletion
T00153,2025-07-03 07:41:00,270,KEEP,Within configured retention period
T00154,2025-08-27 01:58:00,215,KEEP,Within configured retention period
T00155,2025-06-19 18:05:00,284,KEEP,Within configured retention period
T00156,2025-10-09 06:56:00,172,KEEP,Within configured retention period
T00157,2025-09-04 12:39:00,207,KEEP,Within configured retention period
T00158,2025-06-26 09:09:00,277,KEEP,Within configured retention period
T00159,2025-01-11 06:25:00,443,ELIGIBLE_FOR_DELETION,Older than configured retention period; requires approval before deletion
T00160,2025-12-12 07:07:00,108,KEEP,Within configured retention period
T00161,2025-06-16 06:29:00,287,KEEP,Within configured retention period
T00162,2025-10-01 23:44:00,180,KEEP,Within configured retention period
T00163,2025-09-03 08:10:00,208,KEEP,Within configured retention period
T00164,2025-12-23 15:54:00,97,KEEP,Within configured retention period
T00165,2025-12-06 08:55:00,114,KEEP,Within configured retention period
T00166,2026-02-27 03:21:00,31,KEEP,Within configured retention period
T00167,2025-06-23 12:39:00,280,KEEP,Within configured retention period
T00168,2025-06-20 07:33:00,283,KEEP,Within configured retention period
T00169,2026-01-25 18:53:00,64,KEEP,Within configured retention period
T00170,2026-01-22 05:12:00,67,KEEP,Within configured retention period
T00171,2025-03-03 19:26:00,392,ELIGIBLE_FOR_DELETION,Older than configured retention period; requires approval before deletion
T00172,2025-07-17 16:40:00,256,KEEP,Within configured retention period
T00173,2025-05-10 05:44:00,324,KEEP,Within configured retention period
T00174,2025-03-08 04:46:00,387,ELIGIBLE_FOR_DELETION,Older than configured retention period; requires approval before deletion
T00175,2025-02-11 18:30:00,412,ELIGIBLE_FOR_DELETION,Older than configured retention period; requires approval before deletion
T00176,2026-01-26 01:09:00,63,KEEP,Within configured retention period
T00177,2025-09-17 14:04:00,194,KEEP,Within configured retention period
T00178,2025-05-15 05:09:00,319,KEEP,Within configured retention period
T00179,2025-09-16 02:03:00,195,KEEP,Within configured retention period
T00180,2025-07-17 16:39:00,256,KEEP,Within configured retention period
T00181,2025-02-18 00:34:00,405,ELIGIBLE_FOR_DELETION,Older than configured retention period; requires approval before deletion
T00182,2025-04-28 09:47:00,336,KEEP,Within configured retention period
T00183,2025-08-22 03:39:00,220,KEEP,Within configured retention period
T00184,2025-11-09 06:33:00,141,KEEP,Within configured retention period
T00185,2025-12-18 09:07:00,102,KEEP,Within configured retention period
T00186,2025-05-23 15:40:00,311,KEEP,Within configured retention period
T00187,2025-11-30 23:20:00,120,KEEP,Within configured retention period
T00188,2025-08-08 13:50:00,234,KEEP,Within configured retention period
T00189,2025-08-19 21:44:00,223,KEEP,Within configured retention period
T00190,2025-12-01 17:03:00,119,KEEP,Within configured retention period
T00191,2025-12-14 03:15:00,106,KEEP,Within configured retention period
T00192,2026-01-21 07:12:00,68,KEEP,Within configured retention period
T00193,2025-12-13 01:35:00,107,KEEP,Within configured retention period
T00194,2025-05-08 19:14:00,326,KEEP,Within configured retention period
T00195,2025-06-09 00:32:00,294,KEEP,Within configured retention period
T00196,2025-03-29 02:37:00,366,ELIGIBLE_FOR_DELETION,Older than configured retention period; requires approval before deletion
T00197,2025-04-24 13:16:00,340,KEEP,Within configured retention period
T00198,2025-12-25 04:46:00,95,KEEP,Within configured retention period
T00199,2025-12-15 11:48:00,105,KEEP,Within configured retention period
T00200,2025-05-18 02:35:00,316,KEEP,Within configured retention period
T00201,2026-01-02 01:00:00,87,KEEP,Within configured retention period
T00202,2025-04-20 07:47:00,344,KEEP,Within configured retention period
T00203,2025-10-23 06:20:00,158,KEEP,Within configured retention period
T00204,2025-06-07 21:06:00,296,KEEP,Within configured retention period
T00205,2025-08-21 02:48:00,221,KEEP,Within configured retention period
T00206,2025-11-22 05:15:00,128,KEEP,Within configured retention period
T00207,2025-08-09 03:38:00,233,KEEP,Within configured retention period
T00208,2025-12-25 12:17:00,95,KEEP,Within configured retention period
T00209,2025-10-03 06:23:00,178,KEEP,Within configured retention period
T00210,2025-03-05 00:53:00,390,ELIGIBLE_FOR_DELETION,Older than configured retention period; requires approval before deletion
T00211,2025-06-09 20:24:00,294,KEEP,Within configured retention period
T00212,2025-12-11 09:57:00,109,KEEP,Within configured retention period
T00213,2025-11-17 08:17:00,133,KEEP,Within configured retention period
T00214,2025-12-14 12:59:00,106,KEEP,Within configured retention period
T00215,2025-10-12 09:09:00,169,KEEP,Within configured retention period
T00216,2026-01-13 14:50:00,76,KEEP,Within configured retention period
T00217,2026-02-28 02:37:00,30,KEEP,Within configured retention period
T00218,2025-08-29 16:55:00,213,KEEP,Within configured retention period
T00219,2025-12-01 03:39:00,119,KEEP,Within configured retention period
T00220,2025-07-09 11:20:00,264,KEEP,Within configured retention period
T00221,2025-08-10 11:25:00,232,KEEP,Within configured retention period
T00222,2025-12-01 10:56:00,119,KEEP,Within configured retention period
T00223,2025-09-10 10:43:00,201,KEEP,Within configured retention period
T00224,2025-07-18 09:56:00,255,KEEP,Within configured retention period
T00225,2025-11-15 08:16:00,135,KEEP,Within configured retention period
T00226,2026-01-01 12:27:00,88,KEEP,Within configured retention period
T00227,2026-01-16 18:37:00,73,KEEP,Within configured retention period
T00228,2025-05-04 07:09:00,330,KEEP,Within configured retention period
T00229,2025-11-08 02:21:00,142,KEEP,Within configured retention period
T00230,2025-01-19 21:37:00,435,ELIGIBLE_FOR_DELETION,Older than configured retention period; requires approval before deletion
T00231,2026-01-30 05:15:00,59,KEEP,Within configured retention period
T00232,2025-02-02 15:19:00,421,ELIGIBLE_FOR_DELETION,Older than configured retention period; requires approval before deletion
T00233,2025-04-25 17:17:00,339,KEEP,Within configured retention period
T00234,2025-08-19 23:56:00,223,KEEP,Within configured retention period
T00235,2025-11-02 08:28:00,148,KEEP,Within configured retention period
T00236,2025-02-01 22:05:00,422,ELIGIBLE_FOR_DELETION,Older than configured retention period; requires approval before deletion
T00237,2026-01-05 14:41:00,84,KEEP,Within configured retention period
T00238,2026-01-01 07:34:00,88,KEEP,Within configured retention period
T00239,2025-08-25 12:46:00,217,KEEP,Within configured retention period
T00240,2025-04-13 00:50:00,351,KEEP,Within configured retention period
T00241,2025-06-18 02:55:00,285,KEEP,Within configured retention period
T00242,2025-10-31 10:38:00,150,KEEP,Within configured retention period
T00243,2025-11-03 16:29:00,147,KEEP,Within configured retention period
T00244,2025-04-08 23:46:00,356,KEEP,Within configured retention period
T00245,2025-08-26 01:31:00,216,KEEP,Within configured retention period
T00246,2026-01-21 22:07:00,68,KEEP,Within configured retention period
T00247,2026-01-05 17:36:00,84,KEEP,Within configured retention period
T00248,2025-09-09 19:06:00,202,KEEP,Within configured retention period
T00249,2025-12-19 13:49:00,101,KEEP,Within configured retention period
T00250,2025-08-23 22:26:00,219,KEEP,Within configured retention period
T00251,2025-12-29 06:44:00,91,KEEP,Within configured retention period
T00252,2025-10-24 00:09:00,157,KEEP,Within configured retention period
T00253,2025-08-05 02:08:00,237,KEEP,Within configured retention period
T00254,2025-11-07 11:07:00,143,KEEP,Within configured retention period
T00255,2025-06-30 22:53:00,273,KEEP,Within configured retention period
T00256,2025-08-06 13:15:00,236,KEEP,Within configured retention period
T00258,2025-08-14 10:09:00,228,KEEP,Within configured retention period
T00259,2025-11-16 04:34:00,134,KEEP,Within configured retention period
T00260,2025-10-09 03:59:00,172,KEEP,Within configured retention period
T00261,2025-10-15 13:15:00,166,KEEP,Within configured retention period
T00262,2026-03-08 13:05:00,22,KEEP,Within configured retention period
T00263,2025-08-05 18:20:00,237,KEEP,Within configured retention period
T00264,2026-03-04 05:41:00,26,KEEP,Within configured retention period
T00265,2025-03-27 10:44:00,368,ELIGIBLE_FOR_DELETION,Older than configured retention period; requires approval before deletion
T00266,2025-07-16 00:19:00,257,KEEP,Within configured retention period
T00267,2026-01-18 19:10:00,71,KEEP,Within configured retention period
T00268,2025-09-18 23:22:00,193,KEEP,Within configured retention period
T00269,2025-12-30 05:42:00,90,KEEP,Within configured retention period
T00270,2025-03-16 09:58:00,379,ELIGIBLE_FOR_DELETION,Older than configured retention period; requires approval before deletion
T00271,2025-06-19 09:51:00,284,KEEP,Within configured retention period
T00272,2025-06-11 16:54:00,292,KEEP,Within configured retention period
T00273,2025-05-16 03:53:00,318,KEEP,Within configured retention period
T00274,2025-03-14 01:25:00,381,ELIGIBLE_FOR_DELETION,Older than configured retention period; requires approval before deletion
T00275,2025-12-31 03:29:00,89,KEEP,Within configured retention period
T00276,2026-01-04 01:06:00,85,KEEP,Within configured retention period
T00277,2025-01-12 14:59:00,442,ELIGIBLE_FOR_DELETION,Older than configured retention period; requires approval before deletion
T00278,2025-04-07 20:04:00,357,KEEP,Within configured retention period
T00279,2025-05-13 21:01:00,321,KEEP,Within configured retention period
T00280,2026-01-04 02:01:00,85,KEEP,Within configured retention period
T00281,2025-07-07 18:23:00,266,KEEP,Within configured retention period
T00282,2025-06-26 19:32:00,277,KEEP,Within configured retention period
T00283,2025-11-11 14:02:00,139,KEEP,Within configured retention period
T00284,2025-08-03 04:31:00,239,KEEP,Within configured retention period
T00285,2026-01-23 23:04:00,66,KEEP,Within configured retention period
T00287,2025-07-03 15:25:00,270,KEEP,Within configured retention period
T00288,2026-02-01 17:35:00,57,KEEP,Within configured retention period
T00289,2025-10-19 16:39:00,162,KEEP,Within configured retention period
T00290,2025-03-26 15:38:00,369,ELIGIBLE_FOR_DELETION,Older than configured retention period; requires approval before deletion
T00291,2025-01-19 18:14:00,435,ELIGIBLE_FOR_DELETION,Older than configured retention period; requires approval before deletion
T00292,2025-08-27 16:53:00,215,KEEP,Within configured retention period
T00293,2025-07-02 18:40:00,271,KEEP,Within configured retention period
T00294,2025-09-30 23:17:00,181,KEEP,Within configured retention period
T00295,2026-03-07 15:41:00,23,KEEP,Within configured retention period
T00296,2025-03-25 15:34:00,370,ELIGIBLE_FOR_DELETION,Older than configured retention period; requires approval before deletion
T00297,2025-12-15 23:30:00,105,KEEP,Within configured retention period
T00298,2025-04-23 09:21:00,341,KEEP,Within configured retention period
T00299,2025-05-24 02:48:00,310,KEEP,Within configured retention period
T00300,2025-01-17 13:31:00,437,ELIGIBLE_FOR_DELETION,Older than configured retention period; requires approval before deletion
T00301,2025-04-06 22:22:00,358,KEEP,Within configured retention period
T00302,2025-07-15 07:17:00,258,KEEP,Within configured retention period
T00303,2025-03-18 07:43:00,377,ELIGIBLE_FOR_DELETION,Older than configured retention period; requires approval before deletion
T00304,2025-01-10 00:16:00,444,ELIGIBLE_FOR_DELETION,Older than configured retention period; requires approval before deletion
T00305,2025-08-22 23:41:00,220,KEEP,Within configured retention period
T00306,2025-07-14 13:04:00,259,KEEP,Within configured retention period
T00307,2025-03-08 10:41:00,387,ELIGIBLE_FOR_DELETION,Older than configured retention period; requires approval before deletion
T00308,2025-04-20 13:03:00,344,KEEP,Within configured retention period
T00309,2025-03-21 18:06:00,374,ELIGIBLE_FOR_DELETION,Older than configured retention period; requires approval before deletion
T00310,2025-12-31 11:59:00,89,KEEP,Within configured retention period
T00311,2025-08-22 21:01:00,220,KEEP,Within configured retention period
T00312,2025-10-06 03:25:00,175,KEEP,Within configured retention period
T00313,2025-12-13 13:06:00,107,KEEP,Within configured retention period
T00314,2025-07-18 04:46:00,255,KEEP,Within configured retention period
T00315,2025-06-06 18:53:00,297,KEEP,Within configured retention period
T00316,2026-02-03 00:54:00,55,KEEP,Within configured retention period
T00317,2025-10-30 17:40:00,151,KEEP,Within configured retention period
T00318,2025-04-28 10:05:00,336,KEEP,Within configured retention period
T00319,2026-01-28 13:10:00,61,KEEP,Within configured retention period
T00320,2026-01-27 20:16:00,62,KEEP,Within configured retention period
T00321,2025-07-07 10:48:00,266,KEEP,Within configured retention period
T00322,2025-10-23 18:38:00,158,KEEP,Within configured retention period
T00323,2025-09-01 00:34:00,210,KEEP,Within configured retention period
T00324,2025-08-19 07:21:00,223,KEEP,Within configured retention period
T00325,2025-07-01 17:17:00,272,KEEP,Within configured retention period
T00326,2025-07-09 23:57:00,264,KEEP,Within configured retention period
T00327,2025-04-24 02:51:00,340,KEEP,Within configured retention period
T00328,2025-04-21 18:18:00,343,KEEP,Within configured retention period
T00330,2025-06-04 08:20:00,299,KEEP,Within configured retention period
T00331,2025-11-22 15:28:00,128,KEEP,Within configured retention period
T00332,2025-12-27 22:44:00,93,KEEP,Within configured retention period
T00333,2025-07-20 00:25:00,253,KEEP,Within configured retention period
T00334,2025-05-22 16:56:00,312,KEEP,Within configured retention period
T00335,2025-09-26 12:41:00,185,KEEP,Within configured retention period
T00336,2025-11-01 01:00:00,149,KEEP,Within configured retention period
T00337,2025-12-31 17:52:00,89,KEEP,Within configured retention period
T00338,2025-03-05 15:32:00,390,ELIGIBLE_FOR_DELETION,Older than configured retention period; requires approval before deletion
T00339,2026-01-02 19:20:00,87,KEEP,Within configured retention period
T00340,2025-10-19 03:30:00,162,KEEP,Within configured retention period
T00341,2025-11-02 17:22:00,148,KEEP,Within configured retention period
T00342,2025-12-25 01:34:00,95,KEEP,Within configured retention period
T00343,2025-11-05 06:06:00,145,KEEP,Within configured retention period
T00344,2025-09-26 10:59:00,185,KEEP,Within configured retention period
T00345,2025-03-27 02:39:00,368,ELIGIBLE_FOR_DELETION,Older than configured retention period; requires approval before deletion
T00346,2025-09-07 22:58:00,204,KEEP,Within configured retention period
T00347,2025-07-11 01:34:00,262,KEEP,Within configured retention period
T00348,2025-11-03 10:36:00,147,KEEP,Within configured retention period
T00349,2025-09-09 12:35:00,202,KEEP,Within configured retention period
T00350,2025-08-30 08:16:00,212,KEEP,Within configured retention period
T00351,2025-10-12 18:39:00,169,KEEP,Within configured retention period
T00352,2025-08-01 00:48:00,241,KEEP,Within configured retention period
T00353,2025-04-14 23:40:00,350,KEEP,Within configured retention period
T00354,2025-02-04 22:26:00,419,ELIGIBLE_FOR_DELETION,Older than configured retention period; requires approval before deletion
T00355,2025-08-11 07:00:00,231,KEEP,Within configured retention period
T00356,2025-07-17 02:02:00,256,KEEP,Within configured retention period
T00357,2025-08-11 01:29:00,231,KEEP,Within configured retention period
T00358,2026-02-03 12:42:00,55,KEEP,Within configured retention period
T00359,2025-09-05 03:15:00,206,KEEP,Within configured retention period
T00360,2025-08-24 20:12:00,218,KEEP,Within configured retention period
T00361,2025-06-04 04:27:00,299,KEEP,Within configured retention period
T00362,2025-07-22 13:24:00,251,KEEP,Within configured retention period
T00363,2025-10-27 15:27:00,154,KEEP,Within configured retention period
T00364,2026-01-08 04:38:00,81,KEEP,Within configured retention period
T00365,2025-05-06 05:36:00,328,KEEP,Within configured retention period
T00366,2025-07-08 04:07:00,265,KEEP,Within configured retention period
T00367,2025-09-18 10:31:00,193,KEEP,Within configured retention period
T00368,2025-08-20 05:22:00,222,KEEP,Within configured retention period
T00369,2025-06-16 11:11:00,287,KEEP,Within configured retention period
T00370,2025-12-02 13:31:00,118,KEEP,Within configured retention period
T00371,2025-03-08 05:56:00,387,ELIGIBLE_FOR_DELETION,Older than configured retention period; requires approval before deletion
T00372,2025-12-21 18:58:00,99,KEEP,Within configured retention period
T00373,2025-10-09 15:46:00,172,KEEP,Within configured retention period
T00374,2025-10-04 00:24:00,177,KEEP,Within configured retention period
T00375,2025-10-03 06:45:00,178,KEEP,Within configured retention period
T00376,2025-09-17 20:00:00,194,KEEP,Within configured retention period
T00377,2025-03-14 02:12:00,381,ELIGIBLE_FOR_DELETION,Older than configured retention period; requires approval before deletion
T00378,2025-06-11 03:08:00,292,KEEP,Within configured retention period
T00379,2025-08-29 01:43:00,213,KEEP,Within configured retention period
T00380,2025-12-28 16:56:00,92,KEEP,Within configured retention period
T00381,2025-09-10 12:04:00,201,KEEP,Within configured retention period
T00382,2025-02-18 09:33:00,405,ELIGIBLE_FOR_DELETION,Older than configured retention period; requires approval before deletion
T00383,2025-08-17 20:57:00,225,KEEP,Within configured retention period
T00384,2025-12-25 10:04:00,95,KEEP,Within configured retention period
T00385,2025-03-10 02:59:00,385,ELIGIBLE_FOR_DELETION,Older than configured retention period; requires approval before deletion
T00386,2026-01-01 06:48:00,88,KEEP,Within configured retention period
T00387,2025-11-01 18:33:00,149,KEEP,Within configured retention period
T00388,2025-10-19 18:35:00,162,KEEP,Within configured retention period
T00389,2025-03-06 09:13:00,389,ELIGIBLE_FOR_DELETION,Older than configured retention period; requires approval before deletion
T00390,2025-08-15 07:28:00,227,KEEP,Within configured retention period
T00391,2025-10-05 16:06:00,176,KEEP,Within configured retention period
T00392,2025-08-12 03:25:00,230,KEEP,Within configured retention period
T00393,2025-08-08 18:12:00,234,KEEP,Within configured retention period
T00394,2025-05-25 13:15:00,309,KEEP,Within configured retention period
T00395,2025-11-13 08:04:00,137,KEEP,Within configured retention period
T00396,2025-11-16 00:57:00,134,KEEP,Within configured retention period
T00397,2025-04-16 19:14:00,348,KEEP,Within configured retention period
T00398,2026-01-22 18:30:00,67,KEEP,Within configured retention period
T00399,2025-02-11 03:04:00,412,ELIGIBLE_FOR_DELETION,Older than configured retention period; requires approval before deletion
T00400,2025-12-16 17:58:00,104,KEEP,Within configured retention period
T00401,2025-08-07 06:52:00,235,KEEP,Within configured retention period
T00402,2025-10-09 02:01:00,172,KEEP,Within configured retention period
T00403,2025-04-04 17:57:00,360,KEEP,Within configured retention period
T00404,2025-10-09 22:36:00,172,KEEP,Within configured retention period
T00405,2025-03-22 10:18:00,373,ELIGIBLE_FOR_DELETION,Older than configured retention period; requires approval before deletion
T00406,2026-01-24 21:49:00,65,KEEP,Within configured retention period
T00407,2025-11-19 19:10:00,131,KEEP,Within configured retention period
T00408,2025-10-29 22:43:00,152,KEEP,Within configured retention period
T00409,2025-12-11 10:28:00,109,KEEP,Within configured retention period
T00410,2025-03-13 06:03:00,382,ELIGIBLE_FOR_DELETION,Older than configured retention period; requires approval before deletion
T00411,2025-08-01 01:06:00,241,KEEP,Within configured retention period
T00412,2025-07-15 07:32:00,258,KEEP,Within configured retention period
T00413,2025-04-20 04:48:00,344,KEEP,Within configured retention period
T00414,2025-05-03 11:50:00,331,KEEP,Within configured retention period
T00415,2026-03-09 22:52:00,21,KEEP,Within configured retention period
T00416,2025-07-24 00:23:00,249,KEEP,Within configured retention period
T00417,2025-09-03 02:18:00,208,KEEP,Within configured retention period
T00418,2025-03-07 01:38:00,388,ELIGIBLE_FOR_DELETION,Older than configured retention period; requires approval before deletion
T00419,2025-05-29 14:07:00,305,KEEP,Within configured retention period
T00420,2025-05-17 18:38:00,317,KEEP,Within configured retention period
T00421,2025-10-05 22:13:00,176,KEEP,Within configured retention period
T00422,2025-10-20 02:30:00,161,KEEP,Within configured retention period
T00423,2025-09-16 08:54:00,195,KEEP,Within configured retention period
T00424,2025-06-07 12:48:00,296,KEEP,Within configured retention period
T00425,2025-05-04 03:10:00,330,KEEP,Within configured retention period
T00426,2026-01-18 01:03:00,71,KEEP,Within configured retention period
T00427,2025-09-19 14:49:00,192,KEEP,Within configured retention period
T00428,2026-01-07 07:00:00,82,KEEP,Within configured retention period
T00429,2025-05-26 09:36:00,308,KEEP,Within configured retention period
T00430,2025-05-22 13:24:00,312,KEEP,Within configured retention period
T00431,2025-10-16 01:51:00,165,KEEP,Within configured retention period
T00432,2025-03-05 10:03:00,390,ELIGIBLE_FOR_DELETION,Older than configured retention period; requires approval before deletion
T00433,2025-08-01 03:18:00,241,KEEP,Within configured retention period
T00434,2025-04-10 09:57:00,354,KEEP,Within configured retention period
T00435,2025-10-23 13:34:00,158,KEEP,Within configured retention period
T00437,2025-10-24 13:01:00,157,KEEP,Within configured retention period
T00438,2025-05-21 08:59:00,313,KEEP,Within configured retention period
T00439,2025-06-14 09:10:00,289,KEEP,Within configured retention period
T00440,2025-06-09 22:46:00,294,KEEP,Within configured retention period
T00441,2025-12-07 14:07:00,113,KEEP,Within configured retention period
T00442,2025-06-13 17:50:00,290,KEEP,Within configured retention period
T00443,2025-11-12 08:02:00,138,KEEP,Within configured retention period
T00444,2026-01-06 01:11:00,83,KEEP,Within configured retention period
T00445,2025-07-18 15:19:00,255,KEEP,Within configured retention period
T00446,2025-08-07 06:34:00,235,KEEP,Within configured retention period
T00447,2025-04-04 23:19:00,360,KEEP,Within configured retention period
T00448,2026-03-14 08:48:00,16,KEEP,Within configured retention period
T00449,2025-09-26 13:14:00,185,KEEP,Within configured retention period
T00450,2025-09-22 17:44:00,189,KEEP,Within configured retention period
T00451,2025-06-09 21:16:00,294,KEEP,Within configured retention period
T00452,2025-09-19 14:08:00,192,KEEP,Within configured retention period
T00453,2025-04-03 19:12:00,361,KEEP,Within configured retention period
T00454,2025-03-31 11:44:00,364,KEEP,Within configured retention period
T00455,2025-10-31 16:34:00,150,KEEP,Within configured retention period
T00456,2025-11-22 05:52:00,128,KEEP,Within configured retention period
T00457,2025-12-29 20:46:00,91,KEEP,Within configured retention period
T00458,2025-09-07 13:30:00,204,KEEP,Within configured retention period
T00459,2025-11-17 16:13:00,133,KEEP,Within configured retention period
T00460,2025-11-08 11:31:00,142,KEEP,Within configured retention period
T00461,2025-12-06 23:45:00,114,KEEP,Within configured retention period
T00462,2025-05-06 10:15:00,328,KEEP,Within configured retention period
T00463,2025-10-29 14:13:00,152,KEEP,Within configured retention period
T00464,2025-10-27 15:04:00,154,KEEP,Within configured retention period
T00465,2025-04-14 17:37:00,350,KEEP,Within configured retention period
T00466,2026-01-24 05:25:00,65,KEEP,Within configured retention period
T00467,2025-10-22 17:53:00,159,KEEP,Within configured retention period
T00468,2025-11-16 06:51:00,134,KEEP,Within configured retention period
T00469,2025-10-06 01:43:00,175,KEEP,Within configured retention period
T00470,2025-08-19 12:34:00,223,KEEP,Within configured retention period
T00471,2025-09-24 04:13:00,187,KEEP,Within configured retention period
T00472,2026-01-21 16:41:00,68,KEEP,Within configured retention period
T00473,2025-12-18 20:01:00,102,KEEP,Within configured retention period
T00474,2025-05-12 08:49:00,322,KEEP,Within configured retention period
T00475,2025-10-23 00:56:00,158,KEEP,Within configured retention period
T00476,2025-04-17 07:18:00,347,KEEP,Within configured retention period
T00477,2025-10-03 07:03:00,178,KEEP,Within configured retention period
T00478,2026-02-05 00:41:00,53,KEEP,Within configured retention period
T00479,2025-11-21 22:05:00,129,KEEP,Within configured retention period
T00480,2025-12-05 08:36:00,115,KEEP,Within configured retention period
T00481,2025-12-18 21:56:00,102,KEEP,Within configured retention period
T00482,2025-03-09 15:40:00,386,ELIGIBLE_FOR_DELETION,Older than configured retention period; requires approval before deletion
T00483,2025-09-07 23:06:00,204,KEEP,Within configured retention period
T00484,2025-08-21 03:29:00,221,KEEP,Within configured retention period
T00485,2025-05-14 22:05:00,320,KEEP,Within configured retention period
T00486,2025-12-26 23:21:00,94,KEEP,Within configured retention period
T00487,2025-02-23 09:26:00,400,ELIGIBLE_FOR_DELETION,Older than configured retention period; requires approval before deletion
T00488,2025-08-21 22:23:00,221,KEEP,Within configured retention period
T00489,2025-11-18 05:07:00,132,KEEP,Within configured retention period
T00490,2025-11-14 20:28:00,136,KEEP,Within configured retention period
T00491,2025-08-17 04:46:00,225,KEEP,Within configured retention period
T00492,2025-07-07 08:51:00,266,KEEP,Within configured retention period
T00493,2025-10-13 19:54:00,168,KEEP,Within configured retention period
T00494,2025-08-15 07:35:00,227,KEEP,Within configured retention period
T00495,2025-11-10 12:14:00,140,KEEP,Within configured retention period
T00496,2026-02-09 19:03:00,49,KEEP,Within configured retention period
T00497,2025-10-06 04:22:00,175,KEEP,Within configured retention period
T00498,2026-03-10 11:27:00,20,KEEP,Within configured retention period
T00499,2025-07-22 07:37:00,251,KEEP,Within configured retention period
T00500,2025-06-01 11:18:00,302,KEEP,Within configured retention period
T00501,2025-12-17 04:01:00,103,KEEP,Within configured retention period
T00502,2026-01-25 06:38:00,64,KEEP,Within configured retention period
T00503,2025-06-14 10:11:00,289,KEEP,Within configured retention period
T00504,2025-12-13 06:50:00,107,KEEP,Within configured retention period
T00505,2025-03-21 10:47:00,374,ELIGIBLE_FOR_DELETION,Older than configured retention period; requires approval before deletion
T00506,2025-10-14 11:21:00,167,KEEP,Within configured retention period
T00507,2025-08-05 01:58:00,237,KEEP,Within configured retention period
T00508,2025-04-25 05:45:00,339,KEEP,Within configured retention period
T00509,2026-01-08 03:00:00,81,KEEP,Within configured retention period
T00510,2025-10-21 14:39:00,160,KEEP,Within configured retention period
T00511,2025-10-22 00:09:00,159,KEEP,Within configured retention period
T00512,2025-10-03 00:28:00,178,KEEP,Within configured retention period
T00513,2025-06-11 23:05:00,292,KEEP,Within configured retention period
T00514,2025-08-04 23:40:00,238,KEEP,Within configured retention period
T00515,2025-10-18 13:05:00,163,KEEP,Within configured retention period
T00516,2025-06-24 02:13:00,279,KEEP,Within configured retention period
T00517,2026-01-20 17:45:00,69,KEEP,Within configured retention period
T00518,2025-12-04 23:26:00,116,KEEP,Within configured retention period
T00519,2025-08-13 06:25:00,229,KEEP,Within configured retention period
T00520,2025-07-13 07:47:00,260,KEEP,Within configured retention period
T00521,2025-07-28 00:44:00,245,KEEP,Within configured retention period
T00522,2025-07-20 12:30:00,253,KEEP,Within configured retention period
T00523,2026-01-19 21:51:00,70,KEEP,Within configured retention period
T00524,2025-11-22 01:38:00,128,KEEP,Within configured retention period
T00525,2025-04-29 23:32:00,335,KEEP,Within configured retention period
T00526,2025-04-10 04:13:00,354,KEEP,Within configured retention period
T00527,2025-12-15 05:13:00,105,KEEP,Within configured retention period
T00528,2025-10-11 14:21:00,170,KEEP,Within configured retention period
T00529,2025-10-11 20:40:00,170,KEEP,Within configured retention period
T00530,2025-05-15 17:27:00,319,KEEP,Within configured retention period
T00531,2025-06-25 03:53:00,278,KEEP,Within configured retention period
T00532,2025-11-06 06:49:00,144,KEEP,Within configured retention period
T00533,2025-11-01 13:59:00,149,KEEP,Within configured retention period
T00534,2026-01-02 16:56:00,87,KEEP,Within configured retention period
T00535,2025-04-08 08:00:00,356,KEEP,Within configured retention period
T00536,2025-05-07 19:35:00,327,KEEP,Within configured retention period
T00537,2025-06-29 17:27:00,274,KEEP,Within configured retention period
T00538,2025-11-13 21:59:00,137,KEEP,Within configured retention period
T00539,2025-10-01 15:50:00,180,KEEP,Within configured retention period
T00540,2025-07-29 09:55:00,244,KEEP,Within configured retention period
T00541,2025-06-17 03:57:00,286,KEEP,Within configured retention period
T00542,2025-11-21 04:43:00,129,KEEP,Within configured retention period
T00543,2025-08-20 12:12:00,222,KEEP,Within configured retention period
T00544,2025-12-07 12:43:00,113,KEEP,Within configured retention period
T00545,2026-01-21 13:39:00,68,KEEP,Within configured retention period
T00546,2025-05-16 16:19:00,318,KEEP,Within configured retention period
T00547,2025-11-11 04:31:00,139,KEEP,Within configured retention period
T00548,2025-11-04 03:32:00,146,KEEP,Within configured retention period
T00549,2025-11-26 23:09:00,124,KEEP,Within configured retention period
T00550,2025-09-27 20:52:00,184,KEEP,Within configured retention period
T00551,2025-12-14 16:39:00,106,KEEP,Within configured retention period
T00552,2026-01-04 01:34:00,85,KEEP,Within configured retention period
T00553,2025-10-20 23:08:00,161,KEEP,Within configured retention period
T00554,2025-07-15 11:32:00,258,KEEP,Within configured retention period
T00555,2025-10-30 22:35:00,151,KEEP,Within configured retention period
T00556,2025-09-22 22:39:00,189,KEEP,Within configured retention period
T00557,2025-04-01 19:03:00,363,KEEP,Within configured retention period
T00558,2026-02-16 05:21:00,42,KEEP,Within configured retention period
T00559,2025-09-30 05:38:00,181,KEEP,Within configured retention period
T00560,2025-04-24 08:13:00,340,KEEP,Within configured retention period
T00561,2025-05-26 17:18:00,308,KEEP,Within configured retention period
T00562,2025-11-17 08:01:00,133,KEEP,Within configured retention period
T00563,2025-04-20 15:17:00,344,KEEP,Within configured retention period
T00564,2025-08-16 10:47:00,226,KEEP,Within configured retention period
T00565,2025-09-03 13:46:00,208,KEEP,Within configured retention period
T00566,2025-07-20 20:37:00,253,KEEP,Within configured retention period
T00567,2025-06-28 19:11:00,275,KEEP,Within configured retention period
T00568,2025-06-04 12:24:00,299,KEEP,Within configured retention period
T00569,2025-08-12 11:19:00,230,KEEP,Within configured retention period
T00570,2025-07-14 12:24:00,259,KEEP,Within configured retention period
T00571,2025-04-11 22:29:00,353,KEEP,Within configured retention period
T00572,2025-04-08 21:37:00,356,KEEP,Within configured retention period
T00573,2025-09-16 03:37:00,195,KEEP,Within configured retention period
T00574,2026-01-08 04:47:00,81,KEEP,Within configured retention period
T00575,2025-11-21 08:40:00,129,KEEP,Within configured retention period
T00576,2025-12-06 13:24:00,114,KEEP,Within configured retention period
T00577,2025-07-10 03:40:00,263,KEEP,Within configured retention period
T00578,2026-02-12 15:36:00,46,KEEP,Within configured retention period
T00579,2025-08-05 00:08:00,237,KEEP,Within configured retention period
T00580,2025-05-06 14:46:00,328,KEEP,Within configured retention period
T00581,2025-04-19 19:44:00,345,KEEP,Within configured retention period
T00582,2025-03-08 13:13:00,387,ELIGIBLE_FOR_DELETION,Older than configured retention period; requires approval before deletion
T00583,2026-01-10 13:07:00,79,KEEP,Within configured retention period
T00584,2025-12-23 13:34:00,97,KEEP,Within configured retention period
T00585,2025-07-16 04:33:00,257,KEEP,Within configured retention period
T00586,2025-07-07 18:41:00,266,KEEP,Within configured retention period
T00587,2025-08-25 07:09:00,217,KEEP,Within configured retention period
T00588,2025-10-27 11:47:00,154,KEEP,Within configured retention period
T00589,2025-07-26 18:31:00,247,KEEP,Within configured retention period
T00590,2025-07-23 03:56:00,250,KEEP,Within configured retention period
T00591,2025-04-03 19:28:00,361,KEEP,Within configured retention period
T00592,2025-07-16 18:13:00,257,KEEP,Within configured retention period
T00593,2025-12-06 17:50:00,114,KEEP,Within configured retention period
T00594,2025-03-23 01:48:00,372,ELIGIBLE_FOR_DELETION,Older than configured retention period; requires approval before deletion
T00595,2025-04-16 05:29:00,348,KEEP,Within configured retention period
T00596,2025-03-24 02:07:00,371,ELIGIBLE_FOR_DELETION,Older than configured retention period; requires approval before deletion
T00597,2026-01-04 18:28:00,85,KEEP,Within configured retention period
T00598,2025-08-05 21:01:00,237,KEEP,Within configured retention period
T00599,2025-10-29 19:09:00,152,KEEP,Within configured retention period
T00600,2025-08-12 22:40:00,230,KEEP,Within configured retention period
T00601,2025-07-16 14:13:00,257,KEEP,Within configured retention period
T00602,2025-04-17 08:34:00,347,KEEP,Within configured retention period
T00603,2025-06-29 21:37:00,274,KEEP,Within configured retention period
T00604,2025-07-05 18:39:00,268,KEEP,Within configured retention period
T00605,2025-05-22 10:02:00,312,KEEP,Within configured retention period
T00606,2025-06-08 05:55:00,295,KEEP,Within configured retention period
T00607,2025-02-25 01:23:00,398,ELIGIBLE_FOR_DELETION,Older than configured retention period; requires approval before deletion
T00608,2025-09-07 05:29:00,204,KEEP,Within configured retention period
T00609,2025-07-06 11:16:00,267,KEEP,Within configured retention period
T00610,2025-04-26 05:14:00,338,KEEP,Within configured retention period
T00611,2026-03-15 21:00:00,15,KEEP,Within configured retention period
T00612,2025-04-23 18:46:00,341,KEEP,Within configured retention period
T00613,2025-07-23 07:30:00,250,KEEP,Within configured retention period
T00614,2025-11-21 05:26:00,129,KEEP,Within configured retention period
T00615,2025-07-28 11:55:00,245,KEEP,Within configured retention period
T00616,2025-11-05 11:19:00,145,KEEP,Within configured retention period
T00617,2025-11-27 21:06:00,123,KEEP,Within configured retention period
T00618,2025-02-25 22:49:00,398,ELIGIBLE_FOR_DELETION,Older than configured retention period; requires approval before deletion
T00619,2026-01-09 20:56:00,80,KEEP,Within configured retention period
T00620,2026-01-18 10:57:00,71,KEEP,Within configured retention period
T00621,2025-08-01 08:45:00,241,KEEP,Within configured retention period
T00622,2025-10-15 17:38:00,166,KEEP,Within configured retention period
T00623,2025-03-11 01:29:00,384,ELIGIBLE_FOR_DELETION,Older than configured retention period; requires approval before deletion
T00624,2025-12-17 17:32:00,103,KEEP,Within configured retention period
T00625,2025-08-01 18:21:00,241,KEEP,Within configured retention period
T00626,2025-03-15 22:52:00,380,ELIGIBLE_FOR_DELETION,Older than configured retention period; requires approval before deletion
T00627,2025-04-01 14:28:00,363,KEEP,Within configured retention period
T00628,2025-04-11 02:27:00,353,KEEP,Within configured retention period
T00629,2025-08-21 15:40:00,221,KEEP,Within configured retention period
T00630,2025-12-17 02:30:00,103,KEEP,Within configured retention period
T00631,2025-07-16 02:24:00,257,KEEP,Within configured retention period
T00632,2025-12-23 13:54:00,97,KEEP,Within configured retention period
T00633,2026-01-29 10:47:00,60,KEEP,Within configured retention period
T00634,2025-08-31 00:12:00,211,KEEP,Within configured retention period
T00635,2025-05-01 01:33:00,333,KEEP,Within configured retention period
T00636,2025-09-12 17:09:00,199,KEEP,Within configured retention period
T00637,2026-02-23 02:57:00,35,KEEP,Within configured retention period
T00638,2025-12-25 13:29:00,95,KEEP,Within configured retention period
T00639,2025-12-25 18:12:00,95,KEEP,Within configured retention period
T00640,2026-02-07 10:04:00,51,KEEP,Within configured retention period
T00641,2025-08-10 22:06:00,232,KEEP,Within configured retention period
T00642,2026-01-29 18:56:00,60,KEEP,Within configured retention period
T00643,2025-01-28 19:32:00,426,ELIGIBLE_FOR_DELETION,Older than configured retention period; requires approval before deletion
T00644,2025-03-24 07:10:00,371,ELIGIBLE_FOR_DELETION,Older than configured retention period; requires approval before deletion
T00645,2026-01-08 14:05:00,81,KEEP,Within configured retention period
T00646,2025-12-10 06:16:00,110,KEEP,Within configured retention period
T00647,2025-10-28 03:54:00,153,KEEP,Within configured retention period
T00648,2025-07-09 15:44:00,264,KEEP,Within configured retention period
T00649,2025-11-03 22:55:00,147,KEEP,Within configured retention period
T00650,2025-07-05 19:49:00,268,KEEP,Within configured retention period
T00651,2025-12-09 04:22:00,111,KEEP,Within configured retention period
T00652,2025-05-04 09:43:00,330,KEEP,Within configured retention period
T00653,2025-11-07 16:35:00,143,KEEP,Within configured retention period
T00654,2025-04-12 19:56:00,352,KEEP,Within configured retention period
T00655,2025-03-28 14:37:00,367,ELIGIBLE_FOR_DELETION,Older than configured retention period; requires approval before deletion
T00656,2025-11-30 07:33:00,120,KEEP,Within configured retention period
T00657,2025-09-12 12:16:00,199,KEEP,Within configured retention period
T00658,2025-09-02 15:47:00,209,KEEP,Within configured retention period
T00659,2025-09-23 18:49:00,188,KEEP,Within configured retention period
T00660,2025-03-14 04:46:00,381,ELIGIBLE_FOR_DELETION,Older than configured retention period; requires approval before deletion
T00661,2026-02-09 02:36:00,49,KEEP,Within configured retention period
T00662,2025-08-03 21:33:00,239,KEEP,Within configured retention period
T00663,2026-02-01 07:15:00,57,KEEP,Within configured retention period
T00664,2025-10-06 18:25:00,175,KEEP,Within configured retention period
T00665,2025-09-12 13:23:00,199,KEEP,Within configured retention period
T00666,2025-04-27 15:51:00,337,KEEP,Within configured retention period
T00667,2025-04-23 12:25:00,341,KEEP,Within configured retention period
T00668,2026-02-15 23:21:00,43,KEEP,Within configured retention period
T00669,2025-08-05 05:26:00,237,KEEP,Within configured retention period
T00670,2025-04-18 12:14:00,346,KEEP,Within configured retention period
T00671,2025-08-28 02:08:00,214,KEEP,Within configured retention period
T00672,2025-08-09 22:49:00,233,KEEP,Within configured retention period
T00673,2026-01-16 16:01:00,73,KEEP,Within configured retention period
T00674,2025-04-08 22:08:00,356,KEEP,Within configured retention period
T00675,2025-10-25 19:45:00,156,KEEP,Within configured retention period
T00676,2025-03-13 22:18:00,382,ELIGIBLE_FOR_DELETION,Older than configured retention period; requires approval before deletion
T00677,2025-10-13 08:35:00,168,KEEP,Within configured retention period
T00678,2025-08-28 13:51:00,214,KEEP,Within configured retention period
T00679,2025-08-16 16:27:00,226,KEEP,Within configured retention period
T00680,2025-04-14 05:39:00,350,KEEP,Within configured retention period
T00681,2025-01-29 05:07:00,425,ELIGIBLE_FOR_DELETION,Older than configured retention period; requires approval before deletion
T00682,2025-04-23 04:02:00,341,KEEP,Within configured retention period
T00683,2025-07-30 03:52:00,243,KEEP,Within configured retention period
T00684,2025-12-04 07:11:00,116,KEEP,Within configured retention period
T00685,2025-10-26 08:19:00,155,KEEP,Within configured retention period
T00686,2025-05-25 21:29:00,309,KEEP,Within configured retention period
T00687,2025-11-29 05:40:00,121,KEEP,Within configured retention period
T00688,2025-07-17 13:50:00,256,KEEP,Within configured retention period
T00689,2025-08-12 09:40:00,230,KEEP,Within configured retention period
T00690,2025-06-06 16:05:00,297,KEEP,Within configured retention period
T00691,2025-10-14 20:30:00,167,KEEP,Within configured retention period
T00692,2025-06-16 22:30:00,287,KEEP,Within configured retention period
T00693,2025-11-04 11:41:00,146,KEEP,Within configured retention period
T00694,2026-01-23 12:54:00,66,KEEP,Within configured retention period
T00695,2025-05-25 06:54:00,309,KEEP,Within configured retention period
T00696,2025-11-20 20:40:00,130,KEEP,Within configured retention period
T00697,2025-08-02 20:28:00,240,KEEP,Within configured retention period
T00698,2025-12-16 16:27:00,104,KEEP,Within configured retention period
T00699,2025-11-12 22:09:00,138,KEEP,Within configured retention period
T00700,2025-10-22 01:28:00,159,KEEP,Within configured retention period
T00701,2025-06-15 16:27:00,288,KEEP,Within configured retention period
T00702,2025-06-15 04:34:00,288,KEEP,Within configured retention period
T00703,2025-06-25 09:40:00,278,KEEP,Within configured retention period
T00704,2025-11-05 06:27:00,145,KEEP,Within configured retention period
T00705,2025-07-03 17:50:00,270,KEEP,Within configured retention period
T00706,2025-11-05 22:20:00,145,KEEP,Within configured retention period
T00707,2025-04-18 12:21:00,346,KEEP,Within configured retention period
T00708,2025-04-23 19:58:00,341,KEEP,Within configured retention period
T00709,2025-12-30 12:28:00,90,KEEP,Within configured retention period
T00710,2025-06-01 14:06:00,302,KEEP,Within configured retention period
T00711,2025-12-31 12:38:00,89,KEEP,Within configured retention period
T00712,2026-01-22 10:28:00,67,KEEP,Within configured retention period
T00713,2025-02-02 22:30:00,421,ELIGIBLE_FOR_DELETION,Older than configured retention period; requires approval before deletion
T00714,2025-08-25 23:52:00,217,KEEP,Within configured retention period
T00715,2025-09-27 13:40:00,184,KEEP,Within configured retention period
T00716,2025-05-14 13:16:00,320,KEEP,Within configured retention period
T00717,2025-11-17 16:05:00,133,KEEP,Within configured retention period
T00718,2025-10-31 08:58:00,150,KEEP,Within configured retention period
T00719,2025-10-20 01:17:00,161,KEEP,Within configured retention period
T00720,2026-01-26 22:23:00,63,KEEP,Within configured retention period
T00721,2025-09-17 21:51:00,194,KEEP,Within configured retention period
T00722,2025-06-02 22:25:00,301,KEEP,Within configured retention period
T00723,2025-08-30 20:27:00,212,KEEP,Within configured retention period
T00724,2025-07-13 05:47:00,260,KEEP,Within configured retention period
T00725,2025-08-08 22:21:00,234,KEEP,Within configured retention period
T00726,2025-07-19 09:25:00,254,KEEP,Within configured retention period
T00727,2025-05-17 20:00:00,317,KEEP,Within configured retention period
T00728,2026-02-26 02:20:00,32,KEEP,Within configured retention period
T00729,2025-12-07 19:53:00,113,KEEP,Within configured retention period
T00730,2025-12-13 20:41:00,107,KEEP,Within configured retention period
T00731,2025-03-16 00:09:00,379,ELIGIBLE_FOR_DELETION,Older than configured retention period; requires approval before deletion
T00732,2025-04-12 03:38:00,352,KEEP,Within configured retention period
T00733,2025-06-29 03:59:00,274,KEEP,Within configured retention period
T00734,2026-02-02 19:37:00,56,KEEP,Within configured retention period
T00735,2025-10-21 19:13:00,160,KEEP,Within configured retention period
T00736,2025-10-20 15:39:00,161,KEEP,Within configured retention period
T00737,2025-04-08 03:58:00,356,KEEP,Within configured retention period
T00738,2025-10-06 07:31:00,175,KEEP,Within configured retention period
T00739,2025-12-31 14:04:00,89,KEEP,Within configured retention period
T00740,2025-07-24 08:59:00,249,KEEP,Within configured retention period
T00741,2025-04-24 22:59:00,340,KEEP,Within configured retention period
T00742,2025-11-29 18:55:00,121,KEEP,Within configured retention period
T00743,2025-03-28 07:27:00,367,ELIGIBLE_FOR_DELETION,Older than configured retention period; requires approval before deletion
T00744,2025-12-15 06:29:00,105,KEEP,Within configured retention period
T00745,2025-03-30 08:15:00,365,KEEP,Within configured retention period
T00746,2025-02-13 08:31:00,410,ELIGIBLE_FOR_DELETION,Older than configured retention period; requires approval before deletion
T00747,2025-01-27 04:05:00,427,ELIGIBLE_FOR_DELETION,Older than configured retention period; requires approval before deletion
T00748,2026-02-21 00:13:00,37,KEEP,Within configured retention period
T00749,2026-01-20 12:40:00,69,KEEP,Within configured retention period
T00750,2026-03-06 09:22:00,24,KEEP,Within configured retention period
T00751,2026-01-20 07:34:00,69,KEEP,Within configured retention period
T00752,2025-07-14 14:26:00,259,KEEP,Within configured retention period
T00753,2026-02-09 11:51:00,49,KEEP,Within configured retention period
T00754,2025-12-29 04:06:00,91,KEEP,Within configured retention period
T00755,2026-01-07 23:31:00,82,KEEP,Within configured retention period
T00756,2025-06-10 19:49:00,293,KEEP,Within configured retention period
T00757,2025-10-05 08:51:00,176,KEEP,Within configured retention period
T00758,2025-07-19 09:11:00,254,KEEP,Within configured retention period
T00759,2026-01-05 06:16:00,84,KEEP,Within configured retention period
T00760,2026-02-15 23:55:00,43,KEEP,Within configured retention period
T00761,2025-11-21 15:23:00,129,KEEP,Within configured retention period
T00762,2025-09-14 23:24:00,197,KEEP,Within configured retention period
T00763,2025-12-22 08:02:00,98,KEEP,Within configured retention period
T00764,2025-02-28 04:58:00,395,ELIGIBLE_FOR_DELETION,Older than configured retention period; requires approval before deletion
T00765,2025-01-31 06:01:00,423,ELIGIBLE_FOR_DELETION,Older than configured retention period; requires approval before deletion
T00766,2025-09-03 17:38:00,208,KEEP,Within configured retention period
T00767,2025-04-19 10:14:00,345,KEEP,Within configured retention period
T00768,2025-03-10 03:22:00,385,ELIGIBLE_FOR_DELETION,Older than configured retention period; requires approval before deletion
T00769,2025-03-10 08:40:00,385,ELIGIBLE_FOR_DELETION,Older than configured retention period; requires approval before deletion
T00770,2025-03-30 11:25:00,365,KEEP,Within configured retention period
T00771,2026-01-10 19:01:00,79,KEEP,Within configured retention period
T00772,2025-03-09 04:08:00,386,ELIGIBLE_FOR_DELETION,Older than configured retention period; requires approval before deletion
T00773,2025-09-16 19:39:00,195,KEEP,Within configured retention period
T00774,2025-12-03 12:07:00,117,KEEP,Within configured retention period
T00775,2025-02-28 02:40:00,395,ELIGIBLE_FOR_DELETION,Older than configured retention period; requires approval before deletion
T00776,2025-09-29 21:33:00,182,KEEP,Within configured retention period
T00777,2025-09-24 11:30:00,187,KEEP,Within configured retention period
T00778,2025-07-24 02:42:00,249,KEEP,Within configured retention period
T00779,2025-08-08 10:48:00,234,KEEP,Within configured retention period
T00780,2025-08-28 22:00:00,214,KEEP,Within configured retention period
T00781,2025-07-11 20:02:00,262,KEEP,Within configured retention period
T00782,2025-10-22 05:42:00,159,KEEP,Within configured retention period
T00783,2025-06-11 08:00:00,292,KEEP,Within configured retention period
T00784,2025-07-06 05:41:00,267,KEEP,Within configured retention period
T00785,2025-09-30 16:09:00,181,KEEP,Within configured retention period
T00786,2026-01-15 17:53:00,74,KEEP,Within configured retention period
T00787,2025-07-14 05:18:00,259,KEEP,Within configured retention period
T00788,2025-05-31 07:49:00,303,KEEP,Within configured retention period
T00789,2025-04-25 21:23:00,339,KEEP,Within configured retention period
T00790,2025-05-26 01:11:00,308,KEEP,Within configured retention period
T00791,2025-03-15 15:56:00,380,ELIGIBLE_FOR_DELETION,Older than configured retention period; requires approval before deletion
T00792,2025-12-31 15:11:00,89,KEEP,Within configured retention period
T00793,2025-08-03 20:23:00,239,KEEP,Within configured retention period
T00794,2025-09-20 21:50:00,191,KEEP,Within configured retention period
T00795,2025-09-30 16:26:00,181,KEEP,Within configured retention period
T00796,2025-06-20 10:30:00,283,KEEP,Within configured retention period
T00797,2025-04-28 10:21:00,336,KEEP,Within configured retention period
T00798,2025-07-04 09:47:00,269,KEEP,Within configured retention period
T00799,2025-11-13 16:47:00,137,KEEP,Within configured retention period
T00800,2026-01-11 09:59:00,78,KEEP,Within configured retention period
T00801,2025-09-07 12:45:00,204,KEEP,Within configured retention period
T00802,2025-04-22 08:31:00,342,KEEP,Within configured retention period
T00803,2025-09-24 07:31:00,187,KEEP,Within configured retention period
T00804,2025-06-21 08:10:00,282,KEEP,Within configured retention period
T00805,2025-12-13 22:08:00,107,KEEP,Within configured retention period
T00806,2025-12-19 06:25:00,101,KEEP,Within configured retention period
T00807,2026-01-07 03:46:00,82,KEEP,Within configured retention period
T00808,2025-10-02 23:54:00,179,KEEP,Within configured retention period
T00809,2025-07-25 00:39:00,248,KEEP,Within configured retention period
T00810,2025-02-26 03:29:00,397,ELIGIBLE_FOR_DELETION,Older than configured retention period; requires approval before deletion
T00811,2025-11-14 00:16:00,136,KEEP,Within configured retention period
T00812,2025-10-19 16:50:00,162,KEEP,Within configured retention period
T00813,2025-08-07 17:00:00,235,KEEP,Within configured retention period
T00814,2025-04-11 02:44:00,353,KEEP,Within configured retention period
T00815,2025-05-02 02:26:00,332,KEEP,Within configured retention period
T00816,2025-06-21 08:32:00,282,KEEP,Within configured retention period
T00817,2025-12-12 08:29:00,108,KEEP,Within configured retention period
T00818,2025-10-08 01:08:00,173,KEEP,Within configured retention period
T00819,2025-04-13 22:43:00,351,KEEP,Within configured retention period
T00820,2025-12-10 10:39:00,110,KEEP,Within configured retention period
T00821,2025-10-04 17:46:00,177,KEEP,Within configured retention period
T00822,2025-12-07 10:11:00,113,KEEP,Within configured retention period
T00823,2026-01-24 07:26:00,65,KEEP,Within configured retention period
T00824,2025-04-11 00:30:00,353,KEEP,Within configured retention period
T00825,2025-06-11 04:05:00,292,KEEP,Within configured retention period
T00826,2025-10-22 01:26:00,159,KEEP,Within configured retention period
T00827,2026-03-07 20:21:00,23,KEEP,Within configured retention period
T00828,2025-08-05 05:22:00,237,KEEP,Within configured retention period
T00829,2026-01-06 02:02:00,83,KEEP,Within configured retention period
T00830,2025-04-13 18:18:00,351,KEEP,Within configured retention period
T00831,2025-08-24 10:48:00,218,KEEP,Within configured retention period
T00832,2025-04-06 06:35:00,358,KEEP,Within configured retention period
T00833,2025-04-11 04:35:00,353,KEEP,Within configured retention period
T00834,2026-01-26 14:56:00,63,KEEP,Within configured retention period
T00835,2025-08-31 19:20:00,211,KEEP,Within configured retention period
T00836,2025-08-27 15:59:00,215,KEEP,Within configured retention period
T00837,2025-07-13 18:07:00,260,KEEP,Within configured retention period
T00838,2026-01-07 18:29:00,82,KEEP,Within configured retention period
T00839,2025-03-24 17:16:00,371,ELIGIBLE_FOR_DELETION,Older than configured retention period; requires approval before deletion
T00840,2025-03-23 21:09:00,372,ELIGIBLE_FOR_DELETION,Older than configured retention period; requires approval before deletion
T00841,2025-04-22 02:09:00,342,KEEP,Within configured retention period
T00842,2025-06-20 17:53:00,283,KEEP,Within configured retention period
T00843,2025-11-07 09:39:00,143,KEEP,Within configured retention period
T00844,2025-03-17 03:17:00,378,ELIGIBLE_FOR_DELETION,Older than configured retention period; requires approval before deletion
T00845,2025-12-02 04:25:00,118,KEEP,Within configured retention period
T00846,2025-03-06 03:39:00,389,ELIGIBLE_FOR_DELETION,Older than configured retention period; requires approval before deletion
T00847,2025-12-22 19:29:00,98,KEEP,Within configured retention period
T00848,2026-01-29 16:43:00,60,KEEP,Within configured retention period
T00849,2025-12-19 12:30:00,101,KEEP,Within configured retention period
T00850,2025-12-15 07:07:00,105,KEEP,Within configured retention period
T00851,2025-08-12 21:48:00,230,KEEP,Within configured retention period
T00852,2025-12-17 01:59:00,103,KEEP,Within configured retention period
T00853,2025-09-05 10:22:00,206,KEEP,Within configured retention period
T00854,2025-11-22 03:18:00,128,KEEP,Within configured retention period
T00855,2025-12-22 13:09:00,98,KEEP,Within configured retention period
T00856,2026-02-28 21:20:00,30,KEEP,Within configured retention period
T00857,2025-12-25 21:47:00,95,KEEP,Within configured retention period
T00858,2025-10-20 22:42:00,161,KEEP,Within configured retention period
T00859,2025-09-03 06:09:00,208,KEEP,Within configured retention period
T00860,2026-02-28 05:23:00,30,KEEP,Within configured retention period
T00861,2025-12-22 10:45:00,98,KEEP,Within configured retention period
T00862,2025-09-09 21:36:00,202,KEEP,Within configured retention period
T00863,2025-08-24 08:12:00,218,KEEP,Within configured retention period
T00864,2025-03-08 18:46:00,387,ELIGIBLE_FOR_DELETION,Older than configured retention period; requires approval before deletion
T00865,2025-09-21 15:16:00,190,KEEP,Within configured retention period
T00866,2025-06-26 20:20:00,277,KEEP,Within configured retention period
T00867,2026-01-05 00:13:00,84,KEEP,Within configured retention period
T00868,2025-05-02 00:44:00,332,KEEP,Within configured retention period
T00869,2025-04-09 17:27:00,355,KEEP,Within configured retention period
T00870,2025-07-15 01:17:00,258,KEEP,Within configured retention period
T00871,2025-01-31 09:02:00,423,ELIGIBLE_FOR_DELETION,Older than configured retention period; requires approval before deletion
T00872,2025-10-30 08:44:00,151,KEEP,Within configured retention period
T00873,2025-04-18 07:25:00,346,KEEP,Within configured retention period
T00874,2025-03-04 05:54:00,391,ELIGIBLE_FOR_DELETION,Older than configured retention period; requires approval before deletion
T00875,2025-08-23 21:55:00,219,KEEP,Within configured retention period
T00876,2026-01-05 01:54:00,84,KEEP,Within configured retention period
T00877,2025-10-23 04:06:00,158,KEEP,Within configured retention period
T00878,2025-09-18 21:34:00,193,KEEP,Within configured retention period
T00879,2026-02-01 01:24:00,57,KEEP,Within configured retention period
T00880,2025-11-30 17:08:00,120,KEEP,Within configured retention period
T00881,2025-03-29 22:59:00,366,ELIGIBLE_FOR_DELETION,Older than configured retention period; requires approval before deletion
T00882,2025-04-30 19:38:00,334,KEEP,Within configured retention period
T00883,2025-12-12 09:53:00,108,KEEP,Within configured retention period
T00884,2025-05-03 02:49:00,331,KEEP,Within configured retention period
T00885,2025-09-11 13:37:00,200,KEEP,Within configured retention period
T00886,2025-12-02 14:49:00,118,KEEP,Within configured retention period
T00887,2025-10-18 19:05:00,163,KEEP,Within configured retention period
T00888,2026-01-18 19:30:00,71,KEEP,Within configured retention period
T00889,2025-02-19 02:26:00,404,ELIGIBLE_FOR_DELETION,Older than configured retention period; requires approval before deletion
T00890,2025-04-22 23:22:00,342,KEEP,Within configured retention period
T00891,2025-08-31 14:07:00,211,KEEP,Within configured retention period
T00892,2025-09-01 10:56:00,210,KEEP,Within configured retention period
T00893,2025-11-28 05:46:00,122,KEEP,Within configured retention period
T00894,2025-12-22 04:58:00,98,KEEP,Within configured retention period
T00895,2025-12-19 23:23:00,101,KEEP,Within configured retention period
T00896,2025-02-13 01:51:00,410,ELIGIBLE_FOR_DELETION,Older than configured retention period; requires approval before deletion
T00897,2025-08-16 00:28:00,226,KEEP,Within configured retention period
T00898,2025-10-12 15:21:00,169,KEEP,Within configured retention period
T00899,2025-02-18 18:21:00,405,ELIGIBLE_FOR_DELETION,Older than configured retention period; requires approval before deletion
T00900,2025-05-08 16:29:00,326,KEEP,Within configured retention period
T00901,2025-08-24 23:51:00,218,KEEP,Within configured retention period
T00902,2025-05-07 22:38:00,327,KEEP,Within configured retention period
T00903,2025-12-15 02:03:00,105,KEEP,Within configured retention period
T00904,2025-03-30 15:52:00,365,KEEP,Within configured retention period
T00905,2025-09-25 13:15:00,186,KEEP,Within configured retention period
T00906,2025-06-08 00:39:00,295,KEEP,Within configured retention period
T00907,2025-08-03 12:59:00,239,KEEP,Within configured retention period
T00908,2025-05-31 16:32:00,303,KEEP,Within configured retention period
T00909,2025-11-20 06:47:00,130,KEEP,Within configured retention period
T00910,2025-11-10 00:44:00,140,KEEP,Within configured retention period
T00911,2025-11-14 16:43:00,136,KEEP,Within configured retention period
T00912,2025-04-05 11:50:00,359,KEEP,Within configured retention period
T00913,2025-06-15 10:19:00,288,KEEP,Within configured retention period
T00914,2025-01-08 21:21:00,446,ELIGIBLE_FOR_DELETION,Older than configured retention period; requires approval before deletion
T00915,2025-12-08 18:56:00,112,KEEP,Within configured retention period
T00916,2025-10-06 13:24:00,175,KEEP,Within configured retention period
T00917,2025-06-19 17:46:00,284,KEEP,Within configured retention period
T00918,2025-05-01 08:12:00,333,KEEP,Within configured retention period
T00919,2025-10-11 20:39:00,170,KEEP,Within configured retention period
T00920,2025-03-18 22:16:00,377,ELIGIBLE_FOR_DELETION,Older than configured retention period; requires approval before deletion
T00921,2025-04-01 10:32:00,363,KEEP,Within configured retention period
T00922,2025-10-15 04:57:00,166,KEEP,Within configured retention period
T00923,2025-12-12 02:18:00,108,KEEP,Within configured retention period
T00924,2025-11-20 10:50:00,130,KEEP,Within configured retention period
T00925,2025-08-10 14:07:00,232,KEEP,Within configured retention period
T00926,2025-08-09 09:20:00,233,KEEP,Within configured retention period
T00927,2025-03-16 04:29:00,379,ELIGIBLE_FOR_DELETION,Older than configured retention period; requires approval before deletion
T00928,2025-08-16 19:21:00,226,KEEP,Within configured retention period
T00929,2025-07-28 23:27:00,245,KEEP,Within configured retention period
T00930,2025-10-19 16:16:00,162,KEEP,Within configured retention period
T00931,2025-10-22 12:45:00,159,KEEP,Within configured retention period
T00932,2025-08-19 16:10:00,223,KEEP,Within configured retention period
T00933,2025-03-11 01:06:00,384,ELIGIBLE_FOR_DELETION,Older than configured retention period; requires approval before deletion
T00934,2025-12-11 14:05:00,109,KEEP,Within configured retention period
T00935,2025-12-04 02:15:00,116,KEEP,Within configured retention period
T00936,2025-08-14 16:43:00,228,KEEP,Within configured retention period
T00937,2025-08-19 14:35:00,223,KEEP,Within configured retention period
T00938,2025-05-28 12:59:00,306,KEEP,Within configured retention period
T00939,2025-07-03 19:31:00,270,KEEP,Within configured retention period
T00940,2025-08-25 03:43:00,217,KEEP,Within configured retention period
T00941,2025-09-29 17:42:00,182,KEEP,Within configured retention period
T00942,2025-12-22 13:13:00,98,KEEP,Within configured retention period
T00943,2025-12-01 09:56:00,119,KEEP,Within configured retention period
T00944,2025-09-23 15:44:00,188,KEEP,Within configured retention period
T00945,2025-04-12 01:51:00,352,KEEP,Within configured retention period
T00946,2025-06-24 22:03:00,279,KEEP,Within configured retention period
T00947,2025-11-10 19:58:00,140,KEEP,Within configured retention period
T00948,2025-03-10 14:06:00,385,ELIGIBLE_FOR_DELETION,Older than configured retention period; requires approval before deletion
T00949,2025-12-27 15:29:00,93,KEEP,Within configured retention period
T00950,2026-01-03 03:04:00,86,KEEP,Within configured retention period
T00951,2025-06-04 03:06:00,299,KEEP,Within configured retention period
T00952,2025-11-10 12:23:00,140,KEEP,Within configured retention period
T00953,2025-12-14 20:53:00,106,KEEP,Within configured retention period
T00954,2025-08-17 05:49:00,225,KEEP,Within configured retention period
T00955,2025-03-08 04:56:00,387,ELIGIBLE_FOR_DELETION,Older than configured retention period; requires approval before deletion
T00956,2025-10-01 10:30:00,180,KEEP,Within configured retention period
T00957,2025-07-03 21:22:00,270,KEEP,Within configured retention period
T00958,2025-09-25 00:07:00,186,KEEP,Within configured retention period
T00959,2025-11-08 15:39:00,142,KEEP,Within configured retention period
T00960,2025-08-03 00:11:00,239,KEEP,Within configured retention period
T00961,2025-05-03 07:24:00,331,KEEP,Within configured retention period
T00962,2026-01-24 13:59:00,65,KEEP,Within configured retention period
T00963,2025-05-03 18:40:00,331,KEEP,Within configured retention period
T00964,2025-06-07 06:18:00,296,KEEP,Within configured retention period
T00965,2025-03-17 04:57:00,378,ELIGIBLE_FOR_DELETION,Older than configured retention period; requires approval before deletion
T00966,2025-04-17 02:59:00,347,KEEP,Within configured retention period
T00967,2025-05-15 05:30:00,319,KEEP,Within configured retention period
T00968,2025-10-03 19:45:00,178,KEEP,Within configured retention period
T00969,2025-09-03 10:12:00,208,KEEP,Within configured retention period
T00970,2025-09-25 14:35:00,186,KEEP,Within configured retention period
T00971,2026-02-13 04:35:00,45,KEEP,Within configured retention period
T00972,2025-10-15 17:59:00,166,KEEP,Within configured retention period
T00973,2026-01-07 07:08:00,82,KEEP,Within configured retention period
T00974,2025-07-27 21:28:00,246,KEEP,Within configured retention period
T00975,2025-12-05 20:38:00,115,KEEP,Within configured retention period
T00976,2025-05-20 10:48:00,314,KEEP,Within configured retention period
T00977,2025-11-19 20:58:00,131,KEEP,Within configured retention period
T00978,2025-10-23 06:08:00,158,KEEP,Within configured retention period
T00979,2026-01-07 00:03:00,82,KEEP,Within configured retention period
T00980,2025-05-24 04:01:00,310,KEEP,Within configured retention period
T00981,2025-10-15 14:09:00,166,KEEP,Within configured retention period
T00982,2026-01-30 19:07:00,59,KEEP,Within configured retention period
T00983,2025-07-08 06:52:00,265,KEEP,Within configured retention period
T00984,2025-05-13 10:30:00,321,KEEP,Within configured retention period
T00985,2025-01-27 03:53:00,427,ELIGIBLE_FOR_DELETION,Older than configured retention period; requires approval before deletion
T00986,2025-04-30 19:25:00,334,KEEP,Within configured retention period
T00987,2025-09-14 06:37:00,197,KEEP,Within configured retention period
T00988,2026-01-05 16:21:00,84,KEEP,Within configured retention period
T00989,2025-11-02 04:38:00,148,KEEP,Within configured retention period
T00990,2025-04-08 11:26:00,356,KEEP,Within configured retention period
T00991,2025-12-16 17:47:00,104,KEEP,Within configured retention period
T00992,2025-04-28 18:17:00,336,KEEP,Within configured retention period
T00993,2025-05-01 02:15:00,333,KEEP,Within configured retention period
T00994,2026-02-04 12:48:00,54,KEEP,Within configured retention period
T00995,2025-10-29 20:40:00,152,KEEP,Within configured retention period
T00996,2025-06-24 10:44:00,279,KEEP,Within configured retention period
T00997,2025-06-21 02:57:00,282,KEEP,Within configured retention period
T00998,2026-01-21 15:25:00,68,KEEP,Within configured retention period
T00999,2025-04-12 03:49:00,352,KEEP,Within configured retention period
T01000,2026-01-03 03:09:00,86,KEEP,Within configured retention period
